grupo_exposicion_4d,ocupados,observaciones,participacion,grupo_exposicion_es
Not Exposed,13012192.684006697,188690,0.5668467574707874,No expuesta
Minimal Exposure,3298433.5742268227,52639,0.14368880185591723,Exposición mínima
Gradient 1,2023932.7498301924,35503,0.0881680547191925,Gradiente 1
Gradient 2,1975710.6474554387,30008,0.08606736784547672,Gradiente 2
Gradient 3,1169335.353604073,16667,0.05093945115039031,Gradiente 3
Gradient 4,669831.6218128611,11321,0.02917970030851901,Gradiente 4
Sin correspondencia 4d,805960.9478835915,12356,0.03510986664971683,Sin correspondencia 4d
