oficio_c8_4d,oficio_c8_label,occupation_name_isco08,grupo_exposicion_4d,ocupados,observaciones,exposicion_promedio_4d,desviacion_tareas_4d,aioe_all,caioe,caioe_w50,theta,cuadrante_aioe_caioe,participacion_empleo,grupo_exposicion_es
4132,Grabadores de datos,Data Entry Clerks,Gradient 4,41359.44194938024,932,0.7,0.03,6.174678,5.287926,5.731302,0.4527778,"Alto potencial de automatización, baja complementariedad",0.001801730586776745,Muy alta
4131,Operadores de máquinas de procesamiento de texto y mecanógrafos,Typists and Word Processing Operators,Gradient 4,118.16573441046185,4,0.65,0.05,6.314931,5.653618,5.984275,0.4138889,"Alto potencial de automatización, baja complementariedad",5.147623081008634e-06,Muy alta
4311,Auxiliares de contabilidad y cálculo de costos,Accounting and Bookkeeping Clerks,Gradient 4,161070.75975152224,2604,0.64,0.07,6.569447,5.652227,6.110837,0.4490278,"Alto potencial de automatización, baja complementariedad",0.007016683514126451,Muy alta
4312,"Auxiliares de servicios estadísticos, financieros y de seguros","Statistical, Finance and Insurance Clerks",Gradient 4,1840.4572727192726,31,0.64,0.02,6.591086,5.515591,6.053339,0.4722743,"Alto potencial de automatización, baja complementariedad",8.017536034389633e-05,Muy alta
3311,"Agentes de bolsa, cambio y otros servicios financieros",Securities and Finance Dealers and Brokers,Gradient 4,4204.437415919097,56,0.63,0.04,6.614645,4.604707,5.609675,0.6129167,"Alto potencial de automatización, alta complementariedad",0.00018315681100633245,Muy alta
4419,Otro personal de apoyo administrativo no clasificados en otros grupos primarios,Clerical Support Workers Not Elsewhere Classified,Gradient 4,2009.6246039012271,36,0.63,0.03,6.522978,5.343334,5.933156,0.4899583,"Alto potencial de automatización, baja complementariedad",8.754475268838094e-05,Muy alta
2413,Analistas financieros,Financial Analysts,Gradient 4,9957.805235836739,102,0.62,0.06,6.6709,5.34769,6.009295,0.5074537,"Alto potencial de automatización, baja complementariedad",0.00043378927337876024,Muy alta
5244,Vendedores a través de medios tecnológicos,Contact Centre Salespersons,Gradient 4,76827.25460029914,936,0.61,0.1,6.538582,5.835684,6.187133,0.4166667,"Alto potencial de automatización, baja complementariedad",0.00334680566243756,Muy alta
4313,Auxiliares encargados de las nóminas,Payroll Clerks,Gradient 4,2150.0089409811017,32,0.61,0.08,6.601463,5.759777,6.18062,0.4366667,"Alto potencial de automatización, baja complementariedad",9.366027896484167e-05,Muy alta
4110,Oficinistas generales,General Office Clerks,Gradient 4,309583.3989483505,5844,0.6,0.1,6.59278,5.667148,6.129964,0.4494444,"Alto potencial de automatización, baja complementariedad",0.013486300896569737,Muy alta
3312,Analistas de préstamos y créditos,Credit and Loans Officers,Gradient 4,32960.592523367,415,0.6,0.04,6.659052,4.91752,5.788286,0.5706944,"Alto potencial de automatización, alta complementariedad",0.001435853698904298,Muy alta
4416,Empleados del servicio de personal,Personnel Clerks,Gradient 4,14573.523643976545,188,0.6,0.09,6.644495,5.424491,6.034493,0.4927778,"Alto potencial de automatización, baja complementariedad",0.0006348626110236985,Muy alta
2513,Desarrolladores web y multimedia,Web and Multimedia Developers,Gradient 4,13176.151192197496,141,0.6,0.08,6.525661,5.399984,5.962822,0.4816667,"Alto potencial de automatización, baja complementariedad",0.0005739892392173061,Muy alta
2643,"Traductores, intérpretes y otros lingüistas","Translators, Interpreters and Other Linguists",Gradient 3,4863.791523228148,80,0.59,0.11,6.584358,4.750899,5.667628,0.5876389,"Alto potencial de automatización, alta complementariedad",0.000211880082082126,Alta
4222,Empleados de centros de llamadas,Contact Centre Information Clerks,Gradient 3,191575.44502539234,2301,0.58,0.06,6.482806,5.543252,6.013029,0.4540972,"Alto potencial de automatización, baja complementariedad",0.008345551165803107,Alta
4120,Secretarios generales,Secretaries (general),Gradient 3,106598.23377866385,1929,0.58,0.1,6.529984,5.584951,6.057467,0.4538889,"Alto potencial de automatización, baja complementariedad",0.004643711066761012,Alta
4211,Cajeros de bancos y afines,Bank Tellers and Related Clerks,Gradient 3,22067.764330398782,359,0.58,0.09,6.024229,4.936072,5.48015,0.4881944,"Alto potencial de automatización, baja complementariedad",0.0009613322642148492,Alta
4414,Escribientes públicos y afines,Scribes and Related Workers,Gradient 3,17261.202745338618,269,0.58,0.08,6.000819,4.376306,5.188562,0.5785416,"Alto potencial de automatización, alta complementariedad",0.000751945275008657,Alta
2412,Asesores financieros y de inversiones,Financial and Investment Advisers,Gradient 3,72112.56695370383,796,0.57,0.11,6.657624,5.29039,5.974008,0.5145139,"Alto potencial de automatización, baja complementariedad",0.00314142095366016,Alta
4226,Recepcionistas generales,Receptionists (general),Gradient 3,34171.97630422927,594,0.57,0.17,6.491278,5.551846,6.021562,0.4538889,"Alto potencial de automatización, baja complementariedad",0.0014886248947288472,Alta
4225,Empleados de ventanillas de información,Inquiry Clerks,Gradient 3,21086.199868967757,363,0.57,0.09,6.522058,5.544497,6.033278,0.4590278,"Alto potencial de automatización, baja complementariedad",0.0009185726274862443,Alta
2521,Diseñadores y administradores de bases de datos,Database Designers and Administrators,Gradient 3,10736.395155207876,109,0.57,0.08,6.613738,5.385603,5.999671,0.4948612,"Alto potencial de automatización, baja complementariedad",0.00046770678304931904,Alta
3331,Declarantes o gestores de aduana,Clearing and Forwarding Aents,Gradient 3,6363.865200224072,73,0.57,0.09,6.183125,4.83092,5.507022,0.5280555,"Alto potencial de automatización, baja complementariedad",0.0002772274005872954,Alta
2514,Programadores de aplicaciones,Applications Programmers,Gradient 3,2500.863372601095,21,0.57,0.08,6.607717,5.623902,6.115809,0.4580555,"Alto potencial de automatización, baja complementariedad",0.00010894445909787135,Alta
2522,Administradores de sistemas,Systems Aministrators,Gradient 3,1707.7607980572568,8,0.57,0.05,6.390465,5.162076,5.77627,0.5013888,"Alto potencial de automatización, baja complementariedad",7.4394738413634e-05,Alta
3314,"Técnicos y profesionales del nivel medio de servicios estadísticos, matemáticos y afines","Statistical, Mathematical and Related Associate Professionals",Gradient 3,48.76969007548972,2,0.57,0.1,6.653169,5.1789,5.916034,0.5308102,"Alto potencial de automatización, baja complementariedad",2.1245412939607805e-06,Alta
4221,Empleados y consultores de viajes,Travel Consultants and Clerks,Gradient 3,16240.21320709571,265,0.56,0.07,6.436819,4.802754,5.619786,0.5618519,"Alto potencial de automatización, alta complementariedad",0.0007074681739374498,Alta
2120,"Matemáticos, actuarios y estadísticos","Mathematicians, Actuaries and Statisticians",Gradient 3,4203.536839312676,27,0.56,0.09,6.683638,5.181784,5.932711,0.5339074,"Alto potencial de automatización, baja complementariedad",0.00018311757942241725,Alta
2431,Profesionales de la publicidad y la comercialización,Advertising and Marketing Professionals,Gradient 3,71487.05547130128,801,0.55,0.09,6.582082,5.195694,5.888888,0.5198148,"Alto potencial de automatización, baja complementariedad",0.003114171960030022,Alta
3342,Secretarios jurídicos,Legal Secretaries,Gradient 3,10005.094518336593,193,0.55,0.13,6.491889,5.449581,5.970735,0.4697222,"Alto potencial de automatización, baja complementariedad",0.00043584932406346224,Alta
2631,Economistas,Economists,Gradient 3,9147.89134718162,116,0.55,0.08,6.66744,5.093184,5.880312,0.5452778,"Alto potencial de automatización, baja complementariedad",0.0003985072058007888,Alta
4227,Entrevistadores de encuestas y de investigaciones de mercados,Survey and Market Research Interviewers,Gradient 3,9122.728929172177,192,0.55,0.16,6.619223,5.021416,5.820319,0.5505555,"Alto potencial de automatización, alta complementariedad",0.0003974110619451642,Alta
2622,"Bibliotecarios, documentalistas y afines",Librarians and Related Information Professionals,Gradient 3,3052.967876669608,49,0.55,0.04,6.369921,4.515566,5.442743,0.6002778,"Alto potencial de automatización, alta complementariedad",0.00013299564366885542,Alta
2641,Autores y otros escritores,Authors and Related Writers,Gradient 3,2482.8580110112925,36,0.55,0.09,6.532624,5.09641,5.814517,0.5290432,"Alto potencial de automatización, baja complementariedad",0.00010816009622513177,Alta
2519,Desarrolladores y analistas de software y multimedia no clasificados en otros grupos primarios,Software and Applications Developers and Analysts Not Elsewhere Classified,Gradient 3,1835.6270325025093,12,0.55,0.16,6.590802,5.22016,5.905481,0.5171296,"Alto potencial de automatización, baja complementariedad",7.996494184863054e-05,Alta
3343,Secretarios administrativos y ejecutivos,Administrative and Executive Secretaries,Gradient 3,69084.86416068696,1110,0.54,0.14,6.466152,5.399941,5.933047,0.4741667,"Alto potencial de automatización, baja complementariedad",0.003009525926243582,Alta
2642,Periodistas,Journalists,Gradient 3,21320.57009755548,281,0.54,0.1,6.556306,4.730375,5.643341,0.5876389,"Alto potencial de automatización, alta complementariedad",0.0009287824366512996,Alta
4223,Telefonistas,Telephone Switchboard Operators,Gradient 3,3898.934337925182,59,0.54,0.15,6.486005,5.862153,6.174079,0.4054167,"Alto potencial de automatización, baja complementariedad",0.00016984826006771598,Alta
2112,Meteorólogos,Meteorologists,Gradient 3,249.70242761306298,2,0.54,0.13,6.601195,4.946659,5.773927,0.5597222,"Alto potencial de automatización, alta complementariedad",1.087772175392234e-05,Alta
2512,Desarrolladores de software,Software Developers,Gradient 3,88504.18554450833,974,0.53,0.07,6.594469,5.235276,5.914872,0.5152778,"Alto potencial de automatización, baja complementariedad",0.0038554847608550575,Alta
3321,Agentes de seguros,Insurance Representatives,Gradient 3,25137.15566568432,339,0.53,0.12,6.633198,4.862688,5.747943,0.5761111,"Alto potencial de automatización, alta complementariedad",0.001095043358729613,Alta
3344,Secretarios médicos,Medical Secretaries,Gradient 3,24357.39294692273,399,0.53,0.11,6.548569,5.283544,5.916057,0.5025,"Alto potencial de automatización, baja complementariedad",0.0010610747587049697,Alta
3514,Técnicos de la Web,Web Technicians,Gradient 3,3194.4709425121946,22,0.53,0.12,6.458063,5.28103,5.869546,0.4915277,"Alto potencial de automatización, baja complementariedad",0.0001391599048347412,Alta
2523,Profesionales en redes de computadores,Computer Network Professionals,Gradient 3,695.6415289543229,10,0.52,0.06,6.309319,4.892351,5.600835,0.53375,"Alto potencial de automatización, baja complementariedad",3.030405056439417e-05,Alta
3252,Técnicos en documentación sanitaria,Medical Records and Health Information Technicians,Gradient 3,209.12574706926875,12,0.52,0.1,5.978971,4.372726,5.175849,0.5779094,"Alto potencial de automatización, alta complementariedad",9.11009039818258e-06,Alta
2411,Contadores,Accountants,Gradient 3,252537.74117273046,3800,0.51,0.08,6.677804,5.356271,6.017037,0.5068519,"Alto potencial de automatización, baja complementariedad",0.01100123577932452,Alta
4224,Recepcionistas de hoteles,Hotel Receptionists,Gradient 3,24133.30951518697,562,0.51,0.07,6.364114,4.781098,5.572606,0.5576389,"Alto potencial de automatización, alta complementariedad",0.0010513130705892947,Alta
2434,Profesionales de ventas de tecnología de la información y las comunicaciones,Information and Communications Technology Sales Professionals,Gradient 3,845.1477515980793,13,0.51,0.09,6.539503,4.506314,5.522909,0.6198148,"Alto potencial de automatización, alta complementariedad",3.6816951163497785e-05,Alta
4413,"Codificadores de datos, correctores de pruebas de imprenta y afines","Coding, Proofreading and Related Clerks",Gradient 3,539.8349971658536,9,0.51,0.2,6.615321,5.703876,6.159599,0.4469445,"Alto potencial de automatización, baja complementariedad",2.3516691240579722e-05,Alta
4323,Empleados de servicios de transporte,Transport Clerks,Gradient 3,23973.162957452394,335,0.5,0.1,6.591047,4.758369,5.674708,0.5872222,"Alto potencial de automatización, alta complementariedad",0.0010443366478466826,Alta
2433,Profesionales de ventas técnicas y médicas (excluyendo las TIC),Technical and Medical Sales Professionals (excluding ICT),Gradient 3,11981.305831835456,145,0.5,0.1,6.533814,4.380227,5.457021,0.6383333,"Alto potencial de automatización, alta complementariedad",0.0005219385022932595,Alta
3322,Representantes comerciales,Commercial Sales Representatives,Gradient 2,311582.12095335196,5188,0.49,0.08,6.523676,4.590553,5.557115,0.6053472,"Alto potencial de automatización, alta complementariedad",0.013573370702184675,Media
2511,Analistas de sistemas,Systems Analysts,Gradient 2,104167.50326940892,1219,0.49,0.05,6.564757,4.88526,5.725008,0.565,"Alto potencial de automatización, alta complementariedad",0.0045378217873046755,Media
2166,Diseñadores gráficos y multimedia,Graphic and Multimedia Designers,Gradient 2,76570.17187238442,955,0.49,0.09,6.354967,4.864272,5.60962,0.5437499,"Alto potencial de automatización, baja complementariedad",0.003335606434585723,Media
3313,Técnicos de contabilidad y afines,Accounting Associate Professionals,Gradient 2,24192.37593571156,248,0.49,0.13,6.503252,5.437441,5.970346,0.4730555,"Alto potencial de automatización, baja complementariedad",0.001053886165667338,Media
2529,Profesionales en bases de datos y en redes de computadores no clasificados en otros grupos primarios,Database and Network Professionals Not Elsewhere Classified,Gradient 2,2754.0889027354906,26,0.49,0.06,6.594446,5.138431,5.866438,0.5299537,"Alto potencial de automatización, baja complementariedad",0.0001199756568484187,Media
3352,Agentes de administración tributaria,Government Tax and Excise Officials,Gradient 2,1230.5990370656664,21,0.49,0.12,6.650681,5.617978,6.134329,0.4644444,"Alto potencial de automatización, baja complementariedad",5.360826502090763e-05,Media
3332,Organizadores de conferencias y eventos,Conference and Event Planners,Gradient 2,17732.2952663373,268,0.48,0.14,6.203171,4.11477,5.158971,0.6458333,"Alto potencial de automatización, alta complementariedad",0.0007724673556818903,Media
2153,Ingenieros de telecomunicaciones,Telecommunications Engineers,Gradient 2,8745.23204172237,71,0.48,0.12,6.33357,4.777447,5.555508,0.5548611,"Alto potencial de automatización, alta complementariedad",0.00038096626345480327,Media
4213,Prestamistas,Pawnbrokers and Money-lenders,Gradient 2,8364.031020100228,184,0.48,0.06,6.518089,5.55875,6.03842,0.4566841,"Alto potencial de automatización, baja complementariedad",0.0003643601027332018,Media
2632,"Sociólogos, antropólogos y afines","Sociologists, Anthropologists and Related Professionals",Gradient 2,4249.179468316274,36,0.48,0.12,6.56707,4.56674,5.566905,0.6143518,"Alto potencial de automatización, alta complementariedad",0.00018510589737016263,Media
3512,Técnicos en asistencia y soporte al usuario de tecnología de la información y las comunicaciones,Information and Communications Technology User Support Technicians,Gradient 2,28182.511642755107,382,0.47,0.19,6.16951,4.544872,5.357191,0.5725,"Alto potencial de automatización, alta complementariedad",0.0012277074072007514,Media
1346,"Gerentes de sucursales de bancos, de servicios financieros y de seguros",Financial and Insurance Services Branch managers,Gradient 2,14678.84366848653,175,0.47,0.12,6.490092,4.326751,5.408421,0.6439815,"Alto potencial de automatización, alta complementariedad",0.0006394506397933313,Media
2656,"Locutores de radio, televisión y otros medios de comunicación","Announcers on Radio, Television and Other Media",Gradient 2,4506.8631153054,90,0.47,0.12,6.464634,4.629003,5.546818,0.5930555,"Alto potencial de automatización, alta complementariedad",0.0001963313029029722,Media
2621,Archivistas y curadores de arte,Archivists and Curators,Gradient 2,3995.8725037169074,48,0.47,0.11,6.353089,4.476493,5.414791,0.6044444,"Alto potencial de automatización, alta complementariedad",0.0001740711521112486,Media
2633,"Filósofos, historiadores y especialistas en ciencias políticas","Philosophers, Historians and Political Scientists",Gradient 2,1071.8561518122885,15,0.47,0.06,6.612422,4.752884,5.682653,0.5904629,"Alto potencial de automatización, alta complementariedad",4.669299009664121e-05,Media
2356,Instructores de tecnología de la información,Information Technology Trainers,Gradient 2,841.7521943149447,23,0.47,0.1,6.574769,4.704612,5.63969,0.5936111,"Alto potencial de automatización, alta complementariedad",3.6669031386831947e-05,Media
5243,Vendedores puerta a puerta,Door-to-door Salespersons,Gradient 2,85843.3229933959,1255,0.46,0.18,6.533611,5.584422,6.059017,0.4544445,"Alto potencial de automatización, baja complementariedad",0.0037395702992572524,Media
2421,Analistas de gestión y organización,Management and Organization Analysts,Gradient 2,22877.428539872326,291,0.46,0.1,6.646636,4.938446,5.792541,0.5661111,"Alto potencial de automatización, alta complementariedad",0.0009966034550837278,Media
4411,Empleados de bibliotecas,Library Clerks,Gradient 2,2124.353650142055,31,0.46,0.18,6.089088,4.939146,5.514117,0.4980555,"Alto potencial de automatización, baja complementariedad",9.254266421863845e-05,Media
4212,Receptores de apuestas y afines,"Bookmakers, Croupiers and Related Gaming Workers",Gradient 2,16927.624624052194,322,0.45,0.19,6.198551,5.073949,5.63625,0.4903704,"Alto potencial de automatización, baja complementariedad",0.0007374136982785634,Media
2423,Profesionales de gestión de talento humano,Personnel and Careers Professionals,Gradient 2,13620.486410813908,169,0.45,0.07,6.610396,4.704389,5.657393,0.5980556,"Alto potencial de automatización, alta complementariedad",0.0005933456985027855,Media
3522,Técnicos de ingeniería de las telecomunicaciones,Telecommunications Engineering Technicians,Minimal Exposure,11726.709942081448,162,0.45,0.04,6.197597,4.538019,5.367808,0.5769444,"Alto potencial de automatización, alta complementariedad",0.0005108476079238709,Muy baja o ninguna
3315,Tasadores y evaluadores,Valuers and Loss Assessors,Gradient 2,10050.567464711503,89,0.45,0.19,6.45138,5.053278,5.752329,0.5259259,"Alto potencial de automatización, baja complementariedad",0.00043783025017109223,Media
3353,Agentes de servicios de seguridad social,Government Social Benefits Officials,Gradient 2,1386.5046464690693,25,0.45,0.07,6.463698,5.036771,5.750235,0.5305754,"Alto potencial de automatización, baja complementariedad",6.0399940437030796e-05,Media
1420,Gerentes de comercios al por mayor y al por menor,Retail and Wholesale Trade Managers,Gradient 2,387612.88577017863,6456,0.44,0.15,6.293708,3.877624,5.085666,0.6930556,"Alto potencial de automatización, alta complementariedad",0.016885479087838523,Media
3324,Agentes de operaciones comerciales y consignatarios,Trade Brokers,Gradient 2,16421.40564659329,260,0.44,0.1,6.632455,4.811531,5.721993,0.5837963,"Alto potencial de automatización, alta complementariedad",0.0007153614129404093,Media
3339,Agentes de servicios comerciales no clasificados en otros grupos primarios,Business Services Agents Not Elsewhere Classified,Gradient 2,13904.950308209038,221,0.44,0.12,6.573806,4.971413,5.77261,0.5526528,"Alto potencial de automatización, alta complementariedad",0.0006057377251021241,Media
2165,Cartógrafos y topógrafos,Cartographers and Surveyors,Gradient 2,8805.833259865414,130,0.44,0.12,6.251631,4.595616,5.423624,0.5750694,"Alto potencial de automatización, alta complementariedad",0.0003836062185213607,Media
1330,Directores de servicios de tecnología de la información y las comunicaciones,Information and Communications Technology Service Managers,Gradient 2,7467.0941307681605,96,0.44,0.07,6.512313,4.605653,5.558983,0.6019444,"Alto potencial de automatización, alta complementariedad",0.0003252870748645995,Media
4322,Empleados de servicios de apoyo a la producción,Production Clerks,Gradient 2,727.5346831291124,12,0.44,0.06,6.350068,4.864857,5.607462,0.5430556,"Alto potencial de automatización, baja complementariedad",3.169340372481237e-05,Media
5221,Comerciantes de tiendas,Shopkeepers,Gradient 2,327845.2648112467,5780,0.43,0.1,6.293708,3.877624,5.085666,0.6930556,"Alto potencial de automatización, alta complementariedad",0.014281837798084607,Media
3341,Supervisores de oficina,Office Supervisors,Gradient 2,205849.43980431042,2777,0.43,0.11,6.502773,4.952946,5.727859,0.5475,"Alto potencial de automatización, alta complementariedad",0.008967365478968752,Media
4214,Cobradores y afines,Debt Collectors and Related Workers,Gradient 2,32803.8423817087,501,0.43,0.07,6.601304,5.340352,5.970828,0.5002778,"Alto potencial de automatización, baja complementariedad",0.001429025233349734,Media
3511,Técnicos en operaciones de tecnología de la información y las comunicaciones,Information and Communications Technology Operations Technicians,Gradient 2,20446.129002786154,246,0.43,0.13,6.229704,5.40438,5.817042,0.4426736,"Alto potencial de automatización, baja complementariedad",0.0008906893872163314,Media
3513,Técnicos en redes y sistemas de computación,Computer Network and Systems Technicians,Gradient 2,13402.362062694943,211,0.43,0.08,6.3889,4.756181,5.572541,0.5647222,"Alto potencial de automatización, alta complementariedad",0.0005838436043931098,Media
2432,Profesionales de relaciones públicas,Public Relations Professionals,Gradient 2,3109.8180474077226,39,0.43,0.09,6.613767,4.850096,5.731931,0.5758333,"Alto potencial de automatización, alta complementariedad",0.00013547219283525144,Media
3354,Agentes gubernamentales de expedición de licencias,Government Licensing Officials,Gradient 2,404.8098652097102,5,0.43,0.07,6.451665,5.105389,5.778527,0.518631,"Alto potencial de automatización, baja complementariedad",1.7634626619720035e-05,Media
2422,Profesionales en políticas de administración,Policy Administration Professionals,Minimal Exposure,25341.547734184707,447,0.42,0.06,6.50828,4.965456,5.736868,0.5462222,"Alto potencial de automatización, baja complementariedad",0.0011039472371224216,Muy baja o ninguna
1219,Directores de administración y servicios no clasificados en otros grupos primarios,Business Services and Administration Managers Not Elsewhere Classified,Gradient 2,24884.62197385949,369,0.42,0.1,6.456695,4.540085,5.49839,0.6067497,"Alto potencial de automatización, alta complementariedad",0.0010840422993509751,Media
4229,Otros empleados de servicios de información al cliente no clasificados en otros grupos primarios,Client Information Workers Not Elsewhere Classified,Gradient 2,21575.501816979926,314,0.42,0.13,6.512033,5.497531,6.004782,0.4648519,"Alto potencial de automatización, baja complementariedad",0.000939887960681067,Media
5242,"Demostradores de tiendas, almacenes y afines",Sales Demonstrators,Gradient 2,9466.774627122259,205,0.42,0.11,6.090277,4.944967,5.517622,0.4972222,"Alto potencial de automatización, baja complementariedad",0.0004123986349884437,Media
2152,Ingenieros electrónicos,Electronics Engineers,Gradient 2,8000.572445548991,86,0.42,0.13,6.441413,4.966583,5.703999,0.5384028,"Alto potencial de automatización, baja complementariedad",0.00034852685160769787,Media
1221,Directores de ventas y comercialización,Sales and Marketing Managers,Gradient 2,79103.87176651857,690,0.41,0.09,6.616349,4.794737,5.705543,0.5844445,"Alto potencial de automatización, alta complementariedad",0.003445981342510294,Media
4412,Empleados de servicios de correos,Mail Carriers and Sorting Clerks,Gradient 2,9547.50392211981,118,0.41,0.15,5.624753,4.657356,5.141055,0.481,Bajo potencial de automatización,0.0004159154242194016,Media
2265,Dietistas y nutricionistas,Dieticians and Nutritionists,Minimal Exposure,7918.493455422986,154,0.41,0.07,6.639857,4.550147,5.595002,0.6238889,"Alto potencial de automatización, alta complementariedad",0.0003449512659597395,Muy baja o ninguna
2424,Profesionales en formación y desarrollo de personal,Training and Staff Development Professionals,Gradient 2,1174.569987223553,24,0.41,0.09,6.574769,4.704612,5.63969,0.5936111,"Alto potencial de automatización, alta complementariedad",5.116748613002883e-05,Media
2164,"Planificadores urbanos, regionales y de tránsito",Town and Traffic Planners,Minimal Exposure,758.9130091077164,9,0.41,0.06,6.587888,4.596882,5.592385,0.6113889,"Alto potencial de automatización, alta complementariedad",3.3060329558741555e-05,Muy baja o ninguna
2131,"Biólogos, botánicos, zoólogos y afines","Biologists, Botanists, Zoologists and Related Professionals",Gradient 2,17460.27576897569,337,0.4,0.1,6.433201,4.364446,5.398823,0.6311727,"Alto potencial de automatización, alta complementariedad",0.000760617441236819,Media
1223,Directores de investigación y desarrollo,Research and Development Managers,Minimal Exposure,6145.326990662521,58,0.4,0.06,6.52573,4.412602,5.469166,0.633287,"Alto potencial de automatización, alta complementariedad",0.0002677072775394946,Muy baja o ninguna
5230,"Cajeros de comercio, taquilleros y expendedores de boletas",Cashiers and Ticket Clerks,Gradient 1,191916.86119117524,3293,0.39,0.14,5.967376,5.152724,5.56005,0.4455556,"Alto potencial de automatización, baja complementariedad",0.008360424189222136,Baja
2634,Psicólogos,Psychologists,Gradient 1,74945.08447841919,1405,0.39,0.14,6.679008,4.617405,5.648207,0.617882,"Alto potencial de automatización, alta complementariedad",0.0032648131761206785,Baja
2351,Especialistas en métodos pedagógicos,Education Methods Specialists,Gradient 1,16759.01251277979,280,0.39,0.11,6.620479,4.319862,5.47017,0.6566667,"Alto potencial de automatización, alta complementariedad",0.0007300684928342466,Baja
3431,Fotógrafos,Photographers,Gradient 1,13789.992539376337,246,0.39,0.12,5.958809,4.374759,5.166784,0.575,"Alto potencial de automatización, alta complementariedad",0.0006007298497892274,Baja
3411,"Técnicos y profesionales del nivel medio del derecho, de servicios legales y afines",Legal and Related Associate Professionals,Gradient 1,11914.568775411155,244,0.39,0.14,6.424738,5.110715,5.767727,0.5147421,"Alto potencial de automatización, baja complementariedad",0.0005190312533033366,Baja
3323,Agentes de compras,Buyers,Minimal Exposure,9816.947670024,109,0.39,0.08,6.499866,4.668369,5.584117,0.5911111,"Alto potencial de automatización, alta complementariedad",0.0004276531319623857,Muy baja o ninguna
2113,Químicos,Chemists,Minimal Exposure,5078.553980859709,63,0.39,0.1,6.436358,4.676116,5.556237,0.5826852,"Alto potencial de automatización, alta complementariedad",0.00022123572303298086,Muy baja o ninguna
1222,Directores de publicidad y relaciones públicas,Advertising and Public Relations Managers,Minimal Exposure,3612.123976182432,36,0.39,0.05,6.61747,4.71975,5.668611,0.5959259,"Alto potencial de automatización, alta complementariedad",0.0001573540150537511,Muy baja o ninguna
3333,Agentes de empleo y contratistas de mano de obra,Employment agents and contractors,Minimal Exposure,589.9823897878317,9,0.39,0.09,6.242974,4.246154,5.244564,0.6302778,"Alto potencial de automatización, alta complementariedad",2.5701249031390883e-05,Muy baja o ninguna
5223,"Vendedores y auxiliares de venta en tiendas, almacenes y afines",Shop Sales Assistants,Gradient 1,1337628.6058828542,23197,0.38,0.16,6.027552,4.710454,5.369003,0.5277778,"Alto potencial de automatización, baja complementariedad",0.05827076622349804,Baja
1120,Directores y gerentes generales,Managing Directors and Chief Executives,Minimal Exposure,103455.63864397127,1062,0.38,0.06,6.465027,4.002531,5.233779,0.6901389,"Alto potencial de automatización, alta complementariedad",0.004506811014217719,Muy baja o ninguna
1321,Directores de industrias manufactureras,Manufacturing Managers,Minimal Exposure,43720.11379646565,621,0.38,0.11,6.26395,3.826975,5.045463,0.6982143,"Alto potencial de automatización, alta complementariedad",0.0019045679189980582,Muy baja o ninguna
1324,"Directores de empresas de abastecimiento, distribución y afines","Supply, Distribution and Related Managers",Minimal Exposure,42685.207950342,463,0.38,0.05,6.447245,4.285627,5.366436,0.6444444,"Alto potencial de automatización, alta complementariedad",0.0018594845854347777,Muy baja o ninguna
2143,Ingenieros medioambientales,Environmental Engineers,Minimal Exposure,20277.87239588394,329,0.38,0.07,6.640196,4.663816,5.652006,0.6068055,"Alto potencial de automatización, alta complementariedad",0.0008833596685162093,Muy baja o ninguna
1112,Directores del gobierno,Senior Government Officials,Minimal Exposure,14115.534137004648,249,0.38,0.08,6.476419,4.054851,5.265635,0.6831481,"Alto potencial de automatización, alta complementariedad",0.0006149113335344133,Muy baja o ninguna
2133,Profesionales de la protección medioambiental,Environmental Protection Professionals,Minimal Exposure,10863.084341863769,147,0.38,0.04,6.276647,4.303922,5.290284,0.6242362,"Alto potencial de automatización, alta complementariedad",0.00047322571105833707,Muy baja o ninguna
3114,Técnicos en electrónica,Electronics Engineering Technicians,Minimal Exposure,7031.49974288636,126,0.38,0.11,6.197597,4.538019,5.367808,0.5769444,"Alto potencial de automatización, alta complementariedad",0.0003063113901095808,Muy baja o ninguna
1349,Directores y gerentes de servicios profesionales no clasificados en otros grupos primarios,Professional Services Managers Not Elsewhere Classified,Minimal Exposure,5781.439742393314,67,0.38,0.07,6.471066,4.418076,5.444571,0.6264236,"Alto potencial de automatización, alta complementariedad",0.00025185535221257475,Muy baja o ninguna
7321,Preimpresores y afines,Pre-press Technicians,Gradient 1,5318.989834967381,73,0.38,0.22,6.204643,5.296419,5.750531,0.4555556,"Alto potencial de automatización, baja complementariedad",0.0002317097674611861,Baja
3141,Técnicos en ciencias biológicas (excluyendo la medicina),Life Science Technicians (excluding Medical),Gradient 1,1464.8403886522124,16,0.38,0.18,6.10629,4.379719,5.243005,0.5923612,"Alto potencial de automatización, alta complementariedad",6.381245995076039e-05,Baja
2111,Físicos y astrónomos,Physicists and Astronomers,Gradient 1,451.92111305679816,3,0.38,0.14,6.614495,4.885434,5.749965,0.5704629,"Alto potencial de automatización, alta complementariedad",1.9686921627259184e-05,Baja
4321,Empleados de control de abastecimientos e inventario,Stock Clerks,Minimal Exposure,270306.39435427194,3826,0.37,0.06,5.776328,4.659879,5.218103,0.5025926,Bajo potencial de automatización,0.01177528698538754,Muy baja o ninguna
9621,"Mensajeros, mandaderos, maleteros y repartidores","Messengers, Package Deliverers and Luggage Porters",Gradient 1,199969.7536463874,3439,0.37,0.19,5.531734,4.099699,4.815716,0.5683334,Bajo potencial de automatización,0.008711230243770384,Baja
2310,Profesores de instituciones de educación superior,University and Higher Education Teachers,Minimal Exposure,83108.01659998075,1756,0.37,0.12,6.590571,4.39308,5.491826,0.6428212,"Alto potencial de automatización, alta complementariedad",0.003620412859965548,Muy baja o ninguna
3422,"Entrenadores, instructores y árbitros de actividades deportivas","Sports Coaches, Instructors and Officials",Minimal Exposure,64328.352348973895,953,0.37,0.12,6.126332,4.429286,5.277809,0.5861111,"Alto potencial de automatización, alta complementariedad",0.00280231924226518,Muy baja o ninguna
4415,Empleados de archivos,Filing and Copying Clerks,Gradient 1,42127.90307457792,797,0.37,0.17,5.982029,5.355591,5.66881,0.4133334,"Alto potencial de automatización, baja complementariedad",0.0018352068584274138,Baja
2141,Ingenieros industriales y de producción,Industrial and Production Engineers,Minimal Exposure,38704.213265776205,370,0.37,0.07,6.541169,4.332615,5.436892,0.6468056,"Alto potencial de automatización, alta complementariedad",0.0016860615518803968,Muy baja o ninguna
2161,Arquitectos constructores,Building Architects,Minimal Exposure,36966.95141645995,576,0.37,0.08,6.506584,4.382908,5.444746,0.6355555,"Alto potencial de automatización, alta complementariedad",0.0016103816668620178,Muy baja o ninguna
1211,Directores financieros,Finance Managers,Minimal Exposure,28824.761601175655,318,0.37,0.04,6.686476,4.775877,5.731176,0.5949074,"Alto potencial de automatización, alta complementariedad",0.0012556855746977558,Muy baja o ninguna
3432,Diseñadores y decoradores de interiores,Interior Designers and Decorators,Minimal Exposure,15890.081088061528,250,0.37,0.08,6.044847,4.36997,5.207408,0.5838889,"Alto potencial de automatización, alta complementariedad",0.0006922154597192809,Muy baja o ninguna
1411,Gerentes de hoteles,Hotel Managers,Gradient 1,13964.963500670352,285,0.37,0.13,6.215861,3.995417,5.105639,0.6663889,"Alto potencial de automatización, alta complementariedad",0.0006083520641592131,Baja
2654,"Directores y productores de cine, de teatro y afines","Film, Stage and Related Directors and Producers",Minimal Exposure,8723.892510649368,83,0.37,0.07,6.477548,4.706858,5.592203,0.5825617,"Alto potencial de automatización, alta complementariedad",0.000380036655026122,Muy baja o ninguna
1344,Directores  de servicios de bienestar social,Social Welfare Managers,Minimal Exposure,3848.488248535582,79,0.37,0.07,6.555721,4.416007,5.485864,0.6355556,"Alto potencial de automatización, alta complementariedad",0.0001676506902274905,Muy baja o ninguna
1114,"Dirigentes de organizaciones con un interés específico
(partidos políticos, sindicatos y organizaciones sociales)",Senior Officials of Special-interest Organizations,Minimal Exposure,2862.397891803907,58,0.37,0.06,6.460561,4.350981,5.405771,0.6365548,"Alto potencial de automatización, alta complementariedad",0.00012469389310185437,Muy baja o ninguna
2619,Profesionales en derecho no clasificados en otros grupos primarios,Legal Professionals Not Elsewhere Classified,Minimal Exposure,1355.112415891803,28,0.37,0.09,6.679877,5.065574,5.872725,0.5508333,"Alto potencial de automatización, alta complementariedad",5.903240888069518e-05,Muy baja o ninguna
3433,"Técnicos en galerías de arte, museos y bibliotecas","Gallery, Museum and Library Technicians",Gradient 1,690.4145758124076,10,0.37,0.2,5.886916,4.606616,5.246766,0.5255556,"Alto potencial de automatización, baja complementariedad",3.007635016739743e-05,Baja
2162,Arquitectos paisajistas,Landscape Architects,Minimal Exposure,463.71831792250396,4,0.37,0.08,6.500835,4.606564,5.553699,0.6005555,"Alto potencial de automatización, alta complementariedad",2.02008401871621e-05,Muy baja o ninguna
2611,Abogados,Lawyers,Minimal Exposure,215338.6418961086,3568,0.36,0.09,6.633535,4.265731,5.449633,0.6661111,"Alto potencial de automatización, alta complementariedad",0.009380741115753785,Muy baja o ninguna
1412,Gerentes de restaurantes,Restaurant Managers,Minimal Exposure,123641.14556066669,2093,0.36,0.12,5.979898,4.252372,5.116135,0.5980556,"Alto potencial de automatización, alta complementariedad",0.005386146989444741,Muy baja o ninguna
1212,Directores de recursos humanos,Human Resource Managers,Minimal Exposure,110659.13302275496,1489,0.36,0.05,6.621023,4.730791,5.675907,0.5946296,"Alto potencial de automatización, alta complementariedad",0.004820614961809991,Muy baja o ninguna
1345,Directores de servicios de educación,Education Managers,Minimal Exposure,39559.03041254004,653,0.36,0.1,6.466944,4.086339,5.276641,0.6768519,"Alto potencial de automatización, alta complementariedad",0.0017232997283845824,Muy baja o ninguna
1342,Directores de servicios de salud,Health Service Managers,Minimal Exposure,38911.50378681339,821,0.36,0.05,6.602647,4.807094,5.704871,0.5811111,"Alto potencial de automatización, alta complementariedad",0.0016950916948054076,Muy baja o ninguna
3359,Agentes de gobierno y profesionales del nivel medio para la aplicación de regulaciones no clasificados en otros grupos primarios,Government Regulatory AssociatePprofessionals Not Elsewhere Classified,Minimal Exposure,22846.567243202506,410,0.36,0.1,6.111427,4.575082,5.343255,0.5605556,"Alto potencial de automatización, alta complementariedad",0.0009952590524627818,Muy baja o ninguna
5222,Supervisores de tiendas y almacenes,Shop Supervisors,Minimal Exposure,12728.734186177724,225,0.36,0.12,6.043226,4.579423,5.311325,0.5513889,"Alto potencial de automatización, alta complementariedad",0.0005544985288306304,Muy baja o ninguna
2114,Geólogos y geofísicos,Geologists and geophysicists,Minimal Exposure,3182.860845596019,32,0.36,0.1,6.409459,4.586964,5.498211,0.5939814,"Alto potencial de automatización, alta complementariedad",0.00013865413720966257,Muy baja o ninguna
1213,Directores de políticas y planeación,Policy and Planning Managers,Not Exposed,1528.1438481222783,26,0.36,0.04,6.471066,4.418076,5.444571,0.6264236,"Alto potencial de automatización, alta complementariedad",6.657013205174261e-05,Muy baja o ninguna
5211,Vendedores en quioscos y puestos de mercado,Stall and Market Salespersons,Gradient 1,112504.59116974869,2208,0.35,0.17,6.533611,5.584422,6.059017,0.4544445,"Alto potencial de automatización, baja complementariedad",0.0049010081739361226,Baja
3122,Supervisores de industrias manufactureras,Manufacturing Supervisors,Minimal Exposure,48449.7048595884,573,0.35,0.13,5.996478,3.8594,4.927939,0.6655556,"Alto potencial de automatización, alta complementariedad",0.0021106018614241574,Muy baja o ninguna
3334,Agentes inmobiliarios,Real Estate Agents and Property Managers,Minimal Exposure,44565.74608181104,596,0.35,0.09,6.546887,4.386783,5.466835,0.6388889,"Alto potencial de automatización, alta complementariedad",0.0019414059777788668,Muy baja o ninguna
2320,Profesores de formación profesional,Vocational Education Teachers,Minimal Exposure,25547.42276912845,556,0.35,0.12,6.193183,4.033325,5.113254,0.6575926,"Alto potencial de automatización, alta complementariedad",0.0011129157175957765,Muy baja o ninguna
3118,Delineantes y dibujantes técnicos,Draughtspersons,Minimal Exposure,24521.659192699557,340,0.35,0.11,6.304472,5.179437,5.741955,0.4862222,"Alto potencial de automatización, baja complementariedad",0.001068230646343718,Muy baja o ninguna
3521,Técnicos de radiodifusión y grabación audio visual,Broadcasting and Audio-visual Technicians,Minimal Exposure,17450.186811340925,228,0.35,0.11,6.071223,4.570641,5.320932,0.5565586,"Alto potencial de automatización, alta complementariedad",0.0007601779386056786,Muy baja o ninguna
2163,Diseñadores de productos y de prendas,Product and Garment Designers,Minimal Exposure,15130.071873227726,191,0.35,0.09,6.29408,4.796927,5.545504,0.5467989,"Alto potencial de automatización, baja complementariedad",0.0006591073764362868,Muy baja o ninguna
2354,Otros profesores de música,Other Music Teachers,Minimal Exposure,11227.95054604107,152,0.35,0.09,6.271835,4.662064,5.46695,0.5658333,"Alto potencial de automatización, alta complementariedad",0.0004891202823862565,Muy baja o ninguna
2145,Ingenieros químicos,Chemical Engineers,Minimal Exposure,9437.680723232428,116,0.35,0.12,6.639194,4.579199,5.609197,0.6194444,"Alto potencial de automatización, alta complementariedad",0.00041113122483839364,Muy baja o ninguna
2355,Otros profesores de artes,Other Arts Teachers,Minimal Exposure,9068.77762412759,152,0.35,0.1,6.451907,4.933163,5.692535,0.5451389,"Alto potencial de automatización, baja complementariedad",0.0003950607953092089,Muy baja o ninguna
1322,Directores de explotaciones de minería,Mining Managers,Minimal Exposure,1624.6278107327541,27,0.35,0.11,6.471066,4.418076,5.444571,0.6264236,"Alto potencial de automatización, alta complementariedad",7.077323776050625e-05,Muy baja o ninguna
3256,Asistentes médicos,Medical Assistants,Gradient 1,485.2471463034011,7,0.35,0.23,6.086084,4.633859,5.359972,0.5477778,"Alto potencial de automatización, alta complementariedad",2.113869492511537e-05,Baja
2353,Otros profesores de idiomas,Other Language Teachers,Minimal Exposure,17183.795121954787,293,0.34,0.11,6.51548,4.83011,5.672795,0.5677778,"Alto potencial de automatización, alta complementariedad",0.000748573186892211,Muy baja o ninguna
1323,Directores de empresas de construcción,Construction Managers,Minimal Exposure,9138.384645597633,103,0.34,0.06,6.498469,3.783553,5.141011,0.7269444,"Alto potencial de automatización, alta complementariedad",0.00039809306783818784,Muy baja o ninguna
3155,Técnicos en seguridad aeronáutica,Air Traffic Safety Electronics Technicians,Minimal Exposure,1861.050651171603,5,0.34,0.1,6.2253,4.141437,5.183369,0.6436111,"Alto potencial de automatización, alta complementariedad",8.107246432049359e-05,Muy baja o ninguna
1343,Directores de servicios de atención a personas mayores,Aged Care Service Managers,Minimal Exposure,416.46500405087363,14,0.34,0.09,6.448178,4.342359,5.395268,0.6370834,"Alto potencial de automatización, alta complementariedad",1.814235639443399e-05,Muy baja o ninguna
2359,Otros profesionales de la educación no clasificados en otros grupos primarios,Teaching Professionals Not Elsewhere Classified,Minimal Exposure,49377.066302042826,909,0.33,0.1,6.51082,4.553185,5.532003,0.6104321,"Alto potencial de automatización, alta complementariedad",0.0021510002661684117,Muy baja o ninguna
3412,Trabajadores y asistentes sociales,Social Work Associate Professionals,Minimal Exposure,8509.1028907388,164,0.33,0.13,6.244282,4.240909,5.242595,0.63,"Alto potencial de automatización, alta complementariedad",0.0003706798308119882,Muy baja o ninguna
2262,Farmacéuticos,Pharmacists,Minimal Exposure,3380.356417517985,42,0.33,0.09,6.307679,3.956316,5.131998,0.6819444,"Alto potencial de automatización, alta complementariedad",0.00014725758532001853,Muy baja o ninguna
1431,"Gerentes de centros deportivos, de esparcimiento y culturales","Sports, Recreation and Cultural Centre Managers",Minimal Exposure,18426.03749496406,264,0.32,0.1,6.439868,4.341701,5.390784,0.6350173,"Alto potencial de automatización, alta complementariedad",0.0008026886675212834,Muy baja o ninguna
2144,Ingenieros mecánicos,Mechanical Engineers,Not Exposed,18258.202366322475,213,0.32,0.07,6.46805,4.574767,5.521408,0.6021991,"Alto potencial de automatización, alta complementariedad",0.000795377309568745,Muy baja o ninguna
5113,Guías,Travel Guides,Minimal Exposure,8268.414650049057,162,0.32,0.11,6.243348,4.350624,5.296986,0.6122685,"Alto potencial de automatización, alta complementariedad",0.00036019479173290817,Muy baja o ninguna
8219,Ensambladores no clasificados en otros grupos primarios,Assemblers Not Elsewhere Classified,Minimal Exposure,4558.540426778267,73,0.32,0.17,5.674428,4.661852,5.16814,0.4882408,Bajo potencial de automatización,0.00019858250814981787,Muy baja o ninguna
3351,Agentes de aduanas e inspectores de fronteras,Customs and Border Inspectors,Minimal Exposure,2342.4769084597365,26,0.32,0.14,6.006914,3.895872,4.951393,0.6630688,"Alto potencial de automatización, alta complementariedad",0.0001020447108535849,Muy baja o ninguna
3116,Técnicos en química industrial,Chemical Engineering Technicians,Not Exposed,2304.4018380994016,16,0.32,0.02,6.114186,4.509367,5.311777,0.5716414,"Alto potencial de automatización, alta complementariedad",0.00010038605649006973,Muy baja o ninguna
2230,Profesionales de medicina tradicional y alternativa,Traditional and Complementary Medicine Professionals,Minimal Exposure,1858.2895332609667,17,0.32,0.11,6.352185,4.114804,5.233494,0.6613889,"Alto potencial de automatización, alta complementariedad",8.095218246080653e-05,Muy baja o ninguna
2151,Ingenieros electricistas,Electrical Engineers,Not Exposed,21693.88969345812,300,0.31,0.08,6.542457,4.766907,5.654682,0.5805556,"Alto potencial de automatización, alta complementariedad",0.0009450452608790574,Muy baja o ninguna
7543,Clasificadores y probadores de productos (excluyendo alimentos y bebidas),Product Graders and Testers (except Foods and Beverages),Minimal Exposure,13409.897364108003,172,0.31,0.11,6.021355,4.572885,5.29712,0.5497222,"Alto potencial de automatización, alta complementariedad",0.0005841718627640304,Muy baja o ninguna
3212,Técnicos de laboratorios médicos,Medical and Pathology Laboratory Technicians,Minimal Exposure,7573.647820980598,157,0.31,0.16,6.069285,4.628004,5.348644,0.5461111,"Alto potencial de automatización, baja complementariedad",0.00032992884549159796,Muy baja o ninguna
1111,Directores formuladores de políticas y normas,Legislators,Not Exposed,7238.968486075819,112,0.31,0.04,6.3965,3.952568,5.174533,0.6913056,"Alto potencial de automatización, alta complementariedad",0.00031534929687974646,Muy baja o ninguna
2612,Jueces,Judges,Not Exposed,6596.125767149206,144,0.31,0.08,6.681685,4.51645,5.599068,0.6329167,"Alto potencial de automatización, alta complementariedad",0.0002873453071113555,Muy baja o ninguna
7515,Catadores y clasificadores de alimentos y bebidas,Food and Beverage Tasters and Graders,Minimal Exposure,4590.7657015003315,61,0.31,0.16,5.764018,4.752851,5.258434,0.4797222,Bajo potencial de automatización,0.00019998632939104952,Muy baja o ninguna
3135,Controladores de procesos de producción de metales,Metal Production Process Controllers,Minimal Exposure,2348.4312499544008,27,0.31,0.13,5.508339,4.487766,4.998053,0.4944444,Bajo potencial de automatización,0.00010230409827975425,Muy baja o ninguna
3154,Controladores de tráfico aéreo y marítimo,Air Traffic Controllers,Minimal Exposure,2139.0491377475237,37,0.31,0.09,6.302628,4.284118,5.293373,0.6307407,"Alto potencial de automatización, alta complementariedad",9.318283991391927e-05,Muy baja o ninguna
2655,Actores,Actors,Minimal Exposure,1113.0937804145594,14,0.31,0.15,6.106292,4.617035,5.361663,0.5530555,"Alto potencial de automatización, alta complementariedad",4.848941416033591e-05,Muy baja o ninguna
2330,Profesores de educación secundaria,Secondary Education Teachers,Not Exposed,211449.26757511165,3925,0.3,0.07,6.571575,4.304382,5.437979,0.6541666,"Alto potencial de automatización, alta complementariedad",0.009211309316211112,Muy baja o ninguna
2142,Ingenieros civiles,Civil Engineers,Not Exposed,83393.04455075014,1425,0.3,0.06,6.612184,4.599142,5.605663,0.6136111,"Alto potencial de automatización, alta complementariedad",0.003632829458274975,Muy baja o ninguna
3213,Técnicos y asistentes farmacéuticos,Pharmaceutical Technicians and Assistants,Minimal Exposure,26819.293019593533,563,0.3,0.12,6.037746,4.679253,5.3585,0.5341667,"Alto potencial de automatización, baja complementariedad",0.001168321869726141,Muy baja o ninguna
2149,Ingenieros no clasificados en otros grupos primarios,Engineering Professionals Not Elsewhere Classified,Not Exposed,7414.523424155805,97,0.3,0.08,6.496131,4.596282,5.546206,0.601572,"Alto potencial de automatización, alta complementariedad",0.00032299695087821025,Muy baja o ninguna
5161,"Astrólogos, adivinos y trabajadores afines","Astrologers, Fortune-tellers and Related Workers",Minimal Exposure,1949.8663075219636,30,0.3,0.16,5.834023,4.191078,5.012551,0.5904218,"Alto potencial de automatización, alta complementariedad",8.494151760286011e-05,Muy baja o ninguna
1341,Directores de servicios de cuidados infantiles,Child Care Service Managers,Minimal Exposure,1025.9721548915174,13,0.3,0.15,6.412315,3.874107,5.143211,0.705,"Alto potencial de automatización, alta complementariedad",4.4694157501247304e-05,Muy baja o ninguna
3259,Otros técnicos y profesionales del nivel medio de la salud no clasificados en otros grupos primarios,Health Associate Professionals Not Elsewhere Classified,Minimal Exposure,91.11348172010719,3,0.3,0.15,5.984585,4.253915,5.11925,0.5984002,"Alto potencial de automatización, alta complementariedad",3.969152849880289e-06,Muy baja o ninguna
2211,Médicos generales,Generalist Medical Practitioners,Not Exposed,62878.436620525106,1035,0.29,0.1,6.475639,3.857621,5.16663,0.7134985,"Alto potencial de automatización, alta complementariedad",0.002739156941395837,Muy baja o ninguna
9629,Otras ocupaciones elementales no clasificadas en otros grupos primarios,Elementary Workers Not Elsewhere Classified,Minimal Exposure,20032.493717181165,308,0.29,0.14,5.824871,4.922375,5.373623,0.4646666,"Alto potencial de automatización, baja complementariedad",0.0008726703011088167,Muy baja o ninguna
2132,"Agrónomos, silvicultores, zootecnistas y afines","Farming, Forestry and Fisheries Advisers",Not Exposed,18635.734895639118,302,0.29,0.1,6.231122,4.071278,5.1512,0.6552778,"Alto potencial de automatización, alta complementariedad",0.0008118236607164586,Muy baja o ninguna
2146,"Ingenieros de minas, metalúrgicos y afines","Mining Engineers, Metallurgists and Related Professionals",Not Exposed,6629.86443932171,89,0.29,0.05,6.560246,4.586992,5.573619,0.6099305,"Alto potencial de automatización, alta complementariedad",0.0002888150560911612,Muy baja o ninguna
3121,Supervisores de minas,Mining Supervisors,Not Exposed,2749.3045767938047,53,0.29,0.08,5.896917,3.50457,4.700744,0.7148611,"Alto potencial de automatización, alta complementariedad",0.00011976723850474774,Muy baja o ninguna
3133,Controladores de instalaciones de procesamiento de productos químicos,Chemical Processing Plant Controllers,Not Exposed,2026.642150301096,21,0.29,0.1,5.861883,4.124485,4.993184,0.6055556,"Alto potencial de automatización, alta complementariedad",8.828608362553582e-05,Muy baja o ninguna
3134,Operadores de instalaciones de refinación de petróleo y gas natural,Petroleum and Natural Gas Refining Plant Operators,Not Exposed,1591.5510452726762,41,0.29,0.11,5.786491,3.977665,4.882078,0.6217361,Bajo potencial de automatización,6.933232325024758e-05,Muy baja o ninguna
3152,"Capitanes, oficiales de cubierta y prácticos",Ships' Deck Officers and Pilots,Not Exposed,617.232101828003,27,0.29,0.11,6.064087,3.767174,4.91563,0.6882407,"Alto potencial de automatización, alta complementariedad",2.6888321132695452e-05,Muy baja o ninguna
5131,Meseros,Waiters,Minimal Exposure,338997.57488866476,5821,0.28,0.16,5.657045,4.582554,5.1198,0.4986111,Bajo potencial de automatización,0.014767662974456548,Muy baja o ninguna
3123,Supervisores de la construcción,Construction Supervisors,Not Exposed,148770.82413363367,2262,0.28,0.06,5.896917,3.50457,4.700744,0.7148611,"Alto potencial de automatización, alta complementariedad",0.006480864625533669,Muy baja o ninguna
2263,Profesionales de la salud y la higiene laboral y ambiental,Environmental and Occupational Health and Hygiene Professionals,Not Exposed,49618.23686869478,626,0.28,0.05,6.37864,4.069093,5.223866,0.6711111,"Alto potencial de automatización, alta complementariedad",0.0021615063166876354,Muy baja o ninguna
2652,"Compositores, músicos y cantantes","Musicians, Singers and Composers",Not Exposed,30497.927525254247,489,0.28,0.09,6.23113,4.680476,5.455803,0.5558333,"Alto potencial de automatización, alta complementariedad",0.0013285732656355236,Muy baja o ninguna
2635,Profesionales del trabajo social y consejeros,Social Work and Counselling Professionals,Not Exposed,29848.881531669227,620,0.28,0.1,6.444563,4.401583,5.423073,0.6264331,"Alto potencial de automatización, alta complementariedad",0.0013002990442304509,Muy baja o ninguna
2264,Fisioterapeutas,Physiotherapists,Minimal Exposure,27891.63328485264,508,0.28,0.14,5.946371,3.681745,4.814058,0.6906945,"Alto potencial de automatización, alta complementariedad",0.0012150359491306523,Muy baja o ninguna
3112,Técnicos en ingeniería civil,Civil Engineering Technicians,Not Exposed,12771.51740415603,197,0.28,0.07,6.102024,4.124915,5.113469,0.6352223,"Alto potencial de automatización, alta complementariedad",0.0005563622830013611,Muy baja o ninguna
8212,Ensambladores de equipos eléctricos y electrónicos,Electrical and Electronic Equipment Assemblers,Minimal Exposure,7418.458493712006,92,0.28,0.19,5.777974,4.849009,5.313491,0.4703889,Bajo potencial de automatización,0.0003231683732873709,Muy baja o ninguna
2352,Profesores de educación especial e inclusiva,Special Needs Teachers,Not Exposed,2570.441904179634,30,0.28,0.1,6.256194,3.946584,5.101388,0.6802778,"Alto potencial de automatización, alta complementariedad",0.00011197549052913426,Muy baja o ninguna
3117,Técnicos de minas y metalurgia,Mining and metallurgical technicians,Not Exposed,1832.6206873195265,34,0.28,0.06,6.095752,4.532833,5.314293,0.5655429,"Alto potencial de automatización, alta complementariedad",7.98339772172117e-05,Muy baja o ninguna
8171,Operadores de instalaciones para la preparación de papel y de pasta para papel,Pulp and Papermaking Plant Operators,Minimal Exposure,1375.1405473412487,14,0.28,0.14,5.580235,4.56143,5.070832,0.4913889,Bajo potencial de automatización,5.9904889149471926e-05,Muy baja o ninguna
3131,Operadores de plantas de producción de energía,Power Production Plant Operators,Not Exposed,813.6900521948401,23,0.28,0.11,6.129119,4.1795,5.154309,0.6270139,"Alto potencial de automatización, alta complementariedad",3.544656760576475e-05,Muy baja o ninguna
1311,Directores de producción agropecuaria y silvicultura,Agricultural and Forestry Production Managers,Minimal Exposure,123804.13035509756,2054,0.27,0.13,5.975272,3.69471,4.834991,0.6908333,"Alto potencial de automatización, alta complementariedad",0.005393247053552594,Muy baja o ninguna
2212,Médicos especialistas,Specialist Medical Practitioners,Not Exposed,46770.78895293054,672,0.27,0.12,6.33282,3.790058,5.061439,0.711436,"Alto potencial de automatización, alta complementariedad",0.002037463685494373,Muy baja o ninguna
3113,Electrotécnicos,Electrical Engineering Technicians,Not Exposed,40711.37922674709,673,0.27,0.05,6.047769,4.444284,5.246027,0.5742361,"Alto potencial de automatización, alta complementariedad",0.001773499199347799,Muy baja o ninguna
5153,Conserjes y afines,Building Caretakers,Minimal Exposure,7855.246435563351,132,0.27,0.16,5.387205,4.281332,4.834268,0.5144445,Bajo potencial de automatización,0.00034219605252279207,Muy baja o ninguna
3132,"Operadores de incineradores, instalaciones de tratamiento de agua y afines",Incinerator and Water Treatment Plant Operators,Not Exposed,6408.6692110784525,105,0.27,0.09,5.80437,3.986631,4.895501,0.6217535,Bajo potencial de automatización,0.0002791791860312434,Muy baja o ninguna
8211,Ensambladores de maquinaria mecánica,Mechanical Machinery Assemblers,Minimal Exposure,3553.8727054337182,51,0.27,0.17,5.623352,4.450577,5.036964,0.5177778,Bajo potencial de automatización,0.00015481643013287564,Muy baja o ninguna
3153,Pilotos de aviación y afines,Aircraft Pilots and Related Associate Professionals,Not Exposed,3386.1862972516346,30,0.27,0.05,6.061895,3.781667,4.921781,0.6853472,"Alto potencial de automatización, alta complementariedad",0.00014751155085094138,Muy baja o ninguna
8132,Operadores de máquinas para fabricar productos fotográficos,Photographic Products Machine Operators,Not Exposed,95.30126926201805,3,0.27,0.06,5.871595,4.847328,5.359462,0.4836111,"Alto potencial de automatización, baja complementariedad",4.151584346766007e-06,Muy baja o ninguna
2341,Profesores de educación primaria,Primary School Teachers,Not Exposed,169832.4843223709,3344,0.26,0.09,6.524414,4.26581,5.395112,0.6551389,"Alto potencial de automatización, alta complementariedad",0.007398368237327798,Muy baja o ninguna
3115,Técnicos en ingeniería mecánica,Mechanical Engineering Technicians,Not Exposed,31058.850798351334,394,0.26,0.08,6.05094,4.471437,5.261189,0.5703062,"Alto potencial de automatización, alta complementariedad",0.0013530086199425488,Muy baja o ninguna
5132,Bármanes,Bartenders,Not Exposed,21924.642639206875,418,0.26,0.12,5.75692,5.018115,5.387517,0.4375,Bajo potencial de automatización,0.0009550974912948644,Muy baja o ninguna
3142,Técnicos agropecuarios,Agricultural Technicians,Not Exposed,12519.061142445193,146,0.26,0.09,6.079493,4.551176,5.315334,0.5605556,"Alto potencial de automatización, alta complementariedad",0.0005453645966905924,Muy baja o ninguna
3111,Técnicos en ciencias físicas y químicas,Chemical and Physical Science Technicians,Not Exposed,5959.2342316157865,89,0.26,0.09,6.124301,4.645727,5.385014,0.5505865,"Alto potencial de automatización, alta complementariedad",0.00025960056719358287,Muy baja o ninguna
3119,Técnicos en ciencias físicas y en ingeniería no clasificados en otros grupos primarios,Physical and Engineering Science Technicians Not Elsewhere Classified,Not Exposed,4914.862437371651,57,0.26,0.05,6.095614,4.159032,5.127324,0.6283031,"Alto potencial de automatización, alta complementariedad",0.00021410487100020703,Muy baja o ninguna
8121,Operadores de instalaciones de procesamiento de metales,Metal Processing Plant Operators,Not Exposed,3937.81555473767,44,0.26,0.1,5.530396,4.545788,5.038092,0.4871667,Bajo potencial de automatización,0.00017154203237895502,Muy baja o ninguna
8321,Conductores de motocicletas,Motorcycle Drivers,Minimal Exposure,509597.8902230916,9818,0.25,0.17,5.779253,4.21203,4.995642,0.5788333,Bajo potencial de automatización,0.022199480033980496,Muy baja o ninguna
5322,Trabajadores de los cuidados personales a domicilio,Home-based Personal Care Workers,Minimal Exposure,77883.25575817715,1191,0.25,0.18,5.915169,4.437535,5.176352,0.5574537,"Alto potencial de automatización, alta complementariedad",0.0033928079655670147,Muy baja o ninguna
2221,Profesionales de enfermería,Nursing Professionals,Not Exposed,30512.934290812085,639,0.25,0.13,6.132903,3.735142,4.934022,0.7001296,"Alto potencial de automatización, alta complementariedad",0.00132922700145109,Muy baja o ninguna
3434,Chefs,Chefs,Not Exposed,23510.54099226417,388,0.25,0.06,5.916213,3.963893,4.940053,0.6391667,"Alto potencial de automatización, alta complementariedad",0.0010241835677878527,Muy baja o ninguna
3423,Instructores de educación física y actividades recreativas,Fitness and Recreation Instructors and Programme Leaders,Not Exposed,20727.549057493263,383,0.25,0.07,5.866364,3.94453,4.905447,0.6367014,"Alto potencial de automatización, alta complementariedad",0.0009029488156902154,Muy baja o ninguna
5112,Revisores y cobradores de los transportes públicos,Transport Conductors,Minimal Exposure,14319.438103841858,195,0.25,0.17,5.983058,4.531621,5.257339,0.5501389,"Alto potencial de automatización, alta complementariedad",0.0006237939488817226,Muy baja o ninguna
7322,Impresores,Printers,Not Exposed,13908.6923235001,168,0.25,0.11,5.714819,4.636941,5.17588,0.4977778,Bajo potencial de automatización,0.0006059007375386639,Muy baja o ninguna
7421,Ajustadores e instaladores en electrónica,Electronics Mechanics and Servicers,Not Exposed,10181.667144464227,155,0.25,0.13,5.830024,4.148633,4.989329,0.5974603,"Alto potencial de automatización, alta complementariedad",0.0004435413113410232,Muy baja o ninguna
5241,"Modelos de moda, arte y publicidad",Fashion and Other Models,Not Exposed,3384.8235508495877,34,0.25,0.06,5.528823,5.041979,5.285401,0.3972222,Bajo potencial de automatización,0.00014745218588471207,Muy baja o ninguna
8332,Conductores de camiones y vehículos pesados,Heavy Truck and Lorry Drivers,Minimal Exposure,283524.85932246316,3981,0.24,0.22,5.808654,4.079931,4.944293,0.6054167,"Alto potencial de automatización, alta complementariedad",0.01235111952859679,Muy baja o ninguna
5246,Vendedores de comidas en mostrador,Food Service Counter Attendants,Not Exposed,68352.96112412546,1253,0.24,0.13,5.595956,4.841116,5.218536,0.444537,Bajo potencial de automatización,0.002977642225077073,Muy baja o ninguna
7422,Instaladores y reparadores en tecnología de la información y las comunicaciones,Information and Communications Technology Installers and Servicers,Not Exposed,58929.00114665802,913,0.24,0.14,5.756212,4.178265,4.967238,0.583254,Bajo potencial de automatización,0.0025671087135092888,Muy baja o ninguna
5245,Expendedores de combustibles para vehículos,Service Station Attendants,Minimal Exposure,39484.395985208925,556,0.24,0.16,5.792329,3.945373,4.868851,0.6277778,Bajo potencial de automatización,0.0017200484482847779,Muy baja o ninguna
3257,"Inspectores de seguridad, salud ocupacional, medioambiental y afines",Environmental and Occupational Health Inspectors and Associates,Not Exposed,36636.0134805404,492,0.24,0.04,6.093802,4.161696,5.127749,0.62625,"Alto potencial de automatización, alta complementariedad",0.0015959651038387358,Muy baja o ninguna
5312,Auxiliares de maestros,Teachers' Aides,Not Exposed,21609.578663994118,366,0.24,0.14,6.4269,4.285229,5.356065,0.6418519,"Alto potencial de automatización, alta complementariedad",0.0009413724414833352,Muy baja o ninguna
8131,Operadores de plantas y máquinas de productos químicos,Chemical Products Plant and Machine Operators,Not Exposed,20566.715808185905,203,0.24,0.07,5.638611,4.454803,5.046707,0.5181111,Bajo potencial de automatización,0.0008959424787816465,Muy baja o ninguna
2266,Fonoaudiólogos y terapeutas del lenguaje,Audiologists and Speech Therapists,Not Exposed,5511.4688291092825,121,0.24,0.04,6.435565,4.153615,5.29459,0.6636111,"Alto potencial de automatización, alta complementariedad",0.00024009467970158646,Muy baja o ninguna
2267,Optómetras,Optometrists and Ophthalmic Opticians,Not Exposed,4846.709311740389,70,0.24,0.07,6.261769,3.944914,5.103342,0.6791667,"Alto potencial de automatización, alta complementariedad",0.00021113593415660625,Muy baja o ninguna
3254,Técnicos en optometría y ópticas,Dispensing Opticians,Not Exposed,543.7357433018847,5,0.24,0.07,6.080285,4.531501,5.305893,0.5638889,"Alto potencial de automatización, alta complementariedad",2.368661842753597e-05,Muy baja o ninguna
3355,Inspectores de policía y detectives,Police Inspectors and Detectives,Not Exposed,9388.8179980986,191,0.23,0.07,6.040519,3.703059,4.871789,0.696713,"Alto potencial de automatización, alta complementariedad",0.00040900263068244176,Muy baja o ninguna
8114,Operadores de máquinas para fabricar cemento y otros productos minerales,"Cement, Stone and Other Mineral Products Machine Operators",Not Exposed,7626.012906476788,89,0.23,0.11,5.627382,4.332997,4.98019,0.5386285,Bajo potencial de automatización,0.0003322100120589113,Muy baja o ninguna
2240,Paramédicos e instrumentadores quirúrgicos,Paramedical Practitioners,Not Exposed,7079.238554823557,129,0.23,0.13,6.076613,3.618961,4.847787,0.7136111,"Alto potencial de automatización, alta complementariedad",0.0003083910235279645,Muy baja o ninguna
3421,Atletas y deportistas,Athletes and Sports Players,Not Exposed,2723.838377968583,33,0.23,0.11,5.216759,3.731432,4.474095,0.5938889,Bajo potencial de automatización,0.00011865786112464438,Muy baja o ninguna
3151,Oficiales maquinistas en navegación,Ships' Engineers,Not Exposed,2655.3269063629955,32,0.23,0.05,6.050312,3.886303,4.968307,0.6662963,"Alto potencial de automatización, alta complementariedad",0.00011567331374878883,Muy baja o ninguna
1113,Jefes de comunidades étnicas,Traditional Chiefs and Heads of Villages,Not Exposed,521.8209489751972,5,0.23,0.1,6.516422,4.040003,5.278213,0.6892639,"Alto potencial de automatización, alta complementariedad",2.2731949955711824e-05,Muy baja o ninguna
5212,Vendedores ambulantes de alimentos preparados para consumo inmediato,Street Food Salespersons,Not Exposed,237436.93990301964,4320,0.22,0.11,6.120241,4.94497,5.532606,0.5045834,"Alto potencial de automatización, baja complementariedad",0.01034340351055807,Muy baja o ninguna
7513,Operarios de la elaboración de productos lácteos,Dairy Products Makers,Not Exposed,22455.105444712495,262,0.22,0.17,5.737752,4.678396,5.208074,0.49375,Bajo potencial de automatización,0.0009782059041935835,Muy baja o ninguna
5151,"Supervisores  de mantenimiento y limpieza en oficinas, hoteles y otros establecimientos","Cleaning and Housekeeping Supervisors in Offices, Hotels and Other Establishments",Not Exposed,12878.235335888457,188,0.22,0.1,5.770702,4.196583,4.983643,0.5819444,Bajo potencial de automatización,0.0005610112084388754,Muy baja o ninguna
8183,"Operadores de máquinas de embalaje, embotellamiento y etiquetado","Packing, Bottling and Labelling Machine Operators",Not Exposed,11154.677897576456,128,0.22,0.01,5.593467,4.404856,4.999161,0.5216666,Bajo potencial de automatización,0.0004859283251041827,Muy baja o ninguna
3221,Técnicos y profesionales del nivel medio en enfermería,Nursing Associate Professionals,Minimal Exposure,8121.259136757163,135,0.22,0.21,5.80301,4.129808,4.966409,0.5975,Bajo potencial de automatización,0.0003537842944724438,Muy baja o ninguna
7323,Encuadernadores y afines,Print Finishing and Binding Workers,Not Exposed,7206.527349696235,73,0.22,0.09,5.626101,4.774373,5.200237,0.4605555,Bajo potencial de automatización,0.00031393607211340586,Muy baja o ninguna
3253,Trabajadores comunitarios de la salud,Community Health Workers,Not Exposed,6779.508362631497,105,0.22,0.08,6.051313,4.118255,5.084784,0.6286111,"Alto potencial de automatización, alta complementariedad",0.000295333955308479,Muy baja o ninguna
3211,Técnicos en aparatos de diagnóstico y tratamiento médico,Medical Imaging and Therapeutic Equipment Technicians,Not Exposed,5803.953166416306,114,0.22,0.03,5.942073,4.328521,5.135297,0.5806667,"Alto potencial de automatización, alta complementariedad",0.0002528360986337896,Muy baja o ninguna
5111,Personal de servicio a pasajeros,Travel Attendants and Travel Stewards,Not Exposed,4037.0100035637884,52,0.22,0.1,5.885723,4.151386,5.018555,0.604537,"Alto potencial de automatización, alta complementariedad",0.00017586321429207693,Muy baja o ninguna
6221,Trabajadores de explotaciones de acuicultura,Aquaculture Workers,Not Exposed,3726.771233860284,47,0.22,0.15,5.689269,4.093038,4.891153,0.5883333,Bajo potencial de automatización,0.00016234836365016284,Muy baja o ninguna
7523,Ajustadores y operadores de máquinas para trabajar madera,Woodworking Machine Tool Setters and Operators,Not Exposed,2773.819483441969,35,0.22,0.16,5.525065,4.515206,5.020136,0.4919445,Bajo potencial de automatización,0.00012083517499175434,Muy baja o ninguna
3258,Técnicos en atención prehospitalaria,Ambulance Workers,Not Exposed,2077.0775710738153,14,0.22,0.17,5.978971,4.372726,5.175849,0.5779094,"Alto potencial de automatización, alta complementariedad",9.048318871158558e-05,Muy baja o ninguna
7521,Operarios del tratamiento de la madera,Wood Treaters,Not Exposed,1080.1725827470393,14,0.22,0.15,5.523051,4.308957,4.916004,0.5290278,Bajo potencial de automatización,4.7055276609266195e-05,Muy baja o ninguna
6123,Criadores y trabajadores calificados de la apicultura y la sericicultura,Apiarists and Sericulturists,Not Exposed,495.47883587040144,11,0.22,0.11,5.689269,4.093038,4.891153,0.5883333,Bajo potencial de automatización,2.1584415350207934e-05,Muy baja o ninguna
1312,Directores de producción de piscicultura y pesca,Aquaculture and Fisheries Production Managers,Not Exposed,131.23412955915592,4,0.22,0.08,5.975272,3.69471,4.834991,0.6908333,"Alto potencial de automatización, alta complementariedad",5.716918171795993e-06,Muy baja o ninguna
5162,Acompañantes,Companions and Valets,Not Exposed,41.39872281028825,3,0.22,0.05,5.926687,4.320406,5.123547,0.5790939,"Alto potencial de automatización, alta complementariedad",1.8034417686795255e-06,Muy baja o ninguna
2342,Profesores de primera infancia,Early Childhood Educators,Not Exposed,62386.81669425414,1083,0.21,0.05,6.123613,4.284821,5.204217,0.6090277,"Alto potencial de automatización, alta complementariedad",0.0027177406307184494,Muy baja o ninguna
7127,Mecánicos montadores de aire acondicionado y refrigeración,Air Conditioning and Refrigeration Mechanics,Not Exposed,13928.17342876115,269,0.21,0.11,5.838341,3.832124,4.835233,0.6526389,"Alto potencial de automatización, alta complementariedad",0.0006067493878482114,Muy baja o ninguna
9331,Conductores de vehículos accionados a pedal o a brazo,Hand and Pedal Vehicle Drivers,Not Exposed,12954.221747294354,151,0.21,0.08,5.615288,4.226705,4.920996,0.5572222,Bajo potencial de automatización,0.0005643213846684523,Muy baja o ninguna
5169,Otros trabajadores de servicios personales no clasificados en otros grupos primarios,Personal Services Workers Not Elsewhere Classified,Not Exposed,10824.56116452695,166,0.21,0.07,6.037252,4.303462,5.170357,0.5957897,"Alto potencial de automatización, alta complementariedad",0.0004715475359274317,Muy baja o ninguna
8154,"Operadores de máquinas de blanqueamiento, teñido y limpieza de tejidos","Bleaching, Dyeing and Fabric Cleaning Machine Operators",Not Exposed,8683.98986428067,93,0.21,0.15,5.646511,5.053627,5.350069,0.4141667,Bajo potencial de automatización,0.00037829838644542373,Muy baja o ninguna
2651,"Escultores, pintores artísticos y afines",Visual Artists,Not Exposed,7997.379356745836,147,0.21,0.04,5.696834,4.921926,5.30938,0.4455556,Bajo potencial de automatización,0.0003483877519126396,Muy baja o ninguna
7213,Chapistas y caldereros,Sheet Metal Workers,Not Exposed,6862.72675365753,101,0.21,0.09,5.58463,4.211907,4.898269,0.5555556,Bajo potencial de automatización,0.00029895917638079084,Muy baja o ninguna
7311,Mecánicos y reparadores de instrumentos de precisión,Precision-instrument Makers and Repairers,Not Exposed,4762.1329748665685,75,0.21,0.08,5.971792,4.666332,5.319062,0.5276945,"Alto potencial de automatización, baja complementariedad",0.00020745155724335876,Muy baja o ninguna
8112,Operadores de instalaciones de procesamiento de minerales y rocas,Mineral and Stone Processing Plant Operators,Not Exposed,4488.09230102755,43,0.21,0.1,5.542048,4.580903,5.061476,0.4825,Bajo potencial de automatización,0.00019551359481434518,Muy baja o ninguna
3143,Técnicos forestales,Forestry Technicians,Not Exposed,569.1199812428657,11,0.21,0.07,5.733818,3.666458,4.700138,0.6697223,Bajo potencial de automatización,2.479242536700725e-05,Muy baja o ninguna
5414,Guardias de seguridad,Security Guards,Not Exposed,500724.62915557896,7551,0.2,0.09,5.968584,4.290247,5.129416,0.5911012,"Alto potencial de automatización, alta complementariedad",0.021812936475453775,Muy baja o ninguna
9520,Vendedores ambulantes (excluyendo comidas de preparación inmediata),Street Vendors (excluding Food),Not Exposed,200865.8210312273,3585,0.2,0.1,6.533611,5.584422,6.059017,0.4544445,"Alto potencial de automatización, baja complementariedad",0.008750265393641484,Muy baja o ninguna
9321,Empacadores manuales,Hand Packers,Not Exposed,113232.17997072083,1229,0.2,0.05,5.352308,4.362131,4.857219,0.4941667,Bajo potencial de automatización,0.004932703935182421,Muy baja o ninguna
9334,Surtidores de estanterías,Shelf Fillers,Not Exposed,37300.872701968576,616,0.2,0.1,5.68011,4.676623,5.178367,0.4858333,Bajo potencial de automatización,0.0016249281927656564,Muy baja o ninguna
8344,Operadores de montacargas,Lifting Truck Operators,Not Exposed,26799.213661099024,314,0.2,0.1,5.752392,4.012544,4.882468,0.6102778,Bajo potencial de automatización,0.0011674471578669557,Muy baja o ninguna
2269,Otros profesionales de la salud no clasificados en otros grupos primarios,Health Professionals Not Elsewhere Classified,Not Exposed,15004.437472469412,244,0.2,0.08,6.231743,3.961703,5.096723,0.6744217,"Alto potencial de automatización, alta complementariedad",0.0006536343977903307,Muy baja o ninguna
5152,Mayordomos domésticos,Domestic Housekeepers,Not Exposed,14016.809202655268,108,0.2,0.1,5.774563,4.202595,4.988579,0.5810714,Bajo potencial de automatización,0.0006106106049580339,Muy baja o ninguna
7222,Herramentistas y afines,Toolmakers and Related Workers,Not Exposed,13370.130155050561,217,0.2,0.1,5.7717,4.398666,5.085183,0.5473148,Bajo potencial de automatización,0.0005824394942036125,Muy baja o ninguna
5419,Personal de los servicios de protección no clasificados en otros grupos primarios,Protective Services Workers Not Elsewhere Classified,Not Exposed,7128.577314323568,96,0.2,0.05,5.913359,4.177215,5.045287,0.6043006,"Alto potencial de automatización, alta complementariedad",0.00031054035504490303,Muy baja o ninguna
6129,"Criadores y trabajadores pecuarios calificados, avicultores y criadores de insectos no clasificados en otros grupos primarios",Animal Producers Not Elsewhere Classified,Not Exposed,5927.403433094178,46,0.2,0.14,5.689269,4.093038,4.891153,0.5883333,Bajo potencial de automatización,0.0002582139304162274,Muy baja o ninguna
5165,Instructores de conducción,Driving Instructors,Not Exposed,5355.860780938179,89,0.2,0.03,6.271835,4.662064,5.46695,0.5658333,"Alto potencial de automatización, alta complementariedad",0.00023331596686784845,Muy baja o ninguna
8122,"Operadores de máquinas pulidoras, galvanizadoras y recubridoras de metales","Metal Finishing, Plating and Coating Machine Operators",Not Exposed,4680.670638314796,60,0.2,0.04,5.559303,4.561841,5.060573,0.4885185,Bajo potencial de automatización,0.0002039028347142863,Muy baja o ninguna
8311,Maquinistas de locomotoras,Locomotive Engine Drivers,Not Exposed,2053.3653082342876,21,0.2,0.08,5.73995,4.092118,4.916034,0.5952315,Bajo potencial de automatización,8.94502175875565e-05,Muy baja o ninguna
8182,Operadores de máquinas de vapor y calderas,Steam Engine and Boiler Operators,Not Exposed,516.672058271253,10,0.2,0.04,5.807737,4.117041,4.962389,0.6002778,Bajo potencial de automatización,2.250765017234868e-05,Muy baja o ninguna
3222,Técnicos y profesionales del nivel medio en partería,Midwifery Associate Professionals,Not Exposed,59.690546682381644,1,0.2,0.07,6.138053,4.026392,5.082223,0.6531944,"Alto potencial de automatización, alta complementariedad",2.6002837231386706e-06,Muy baja o ninguna
5311,Cuidadores de niños,Child Care Workers,Not Exposed,153735.6833911109,2289,0.19,0.09,6.045576,4.33566,5.190619,0.5913194,"Alto potencial de automatización, alta complementariedad",0.006697147494973413,Muy baja o ninguna
7411,Electricistas de obras y afines,Building and Related Electricians,Not Exposed,119593.79710925609,1834,0.19,0.06,5.64606,3.825923,4.735991,0.6311111,Bajo potencial de automatización,0.005209833404044462,Muy baja o ninguna
6122,Avicultores y trabajadores calificados de la avicultura,Poultry Producers,Not Exposed,60108.20334045595,621,0.19,0.1,5.689269,4.093038,4.891153,0.5883333,Bajo potencial de automatización,0.00261847799124665,Muy baja o ninguna
6130,Productores y trabajadores calificados de explotaciones agropecuarias mixtas cuya producción se destina al mercado,Mixed Crop and Animal Producers,Not Exposed,9048.252732785997,93,0.19,0.11,5.632311,4.295814,4.964062,0.5446296,Bajo potencial de automatización,0.0003941666748187614,Muy baja o ninguna
7315,"Sopladores, modeladores, laminadores, cortadores y pulidores de vidrio","Glass Makers, Cutters, Grinders and Finishers",Not Exposed,3661.732714140099,39,0.19,0.06,5.541688,4.996741,5.269214,0.4081111,Bajo potencial de automatización,0.0001595151075718541,Muy baja o ninguna
7232,Mecánicos y reparadores de sistemas y motores de aeronaves,Aircraft Engine Mechanics and Repairers,Not Exposed,2914.3442188232293,42,0.19,0.07,5.882306,4.039758,4.961032,0.6215278,"Alto potencial de automatización, alta complementariedad",0.00012695681740281493,Muy baja o ninguna
3230,Técnicos y profesionales del nivel medio en medicina tradicional y alternativa,Traditional and Complementary Medicine Associate Professionals,Not Exposed,2698.0563677962887,32,0.19,0.11,6.138053,4.026392,5.082223,0.6531944,"Alto potencial de automatización, alta complementariedad",0.00011753472613716403,Muy baja o ninguna
8113,Perforadores y sondistas de pozos y afines,Well Drillers and Borers and Related Workers,Not Exposed,1956.1208109113952,35,0.19,0.12,5.548316,3.692297,4.620306,0.6434259,Bajo potencial de automatización,8.521398090339568e-05,Muy baja o ninguna
2653,Coreógrafos y bailarines,Dancers and Choreographers,Not Exposed,1367.7175312386553,27,0.19,0.1,5.077734,3.502412,4.290073,0.6158333,Bajo potencial de automatización,5.958152223425707e-05,Muy baja o ninguna
5120,Cocineros,Cooks,Not Exposed,370623.87365607324,5722,0.18,0.06,5.757139,4.512799,5.134969,0.5246297,Bajo potencial de automatización,0.01614539118233517,Muy baja o ninguna
6111,Agricultores y trabajadores calificados de cultivos extensivos,Field Crop and Vegetable Growers,Not Exposed,340084.3626555051,2848,0.18,0.12,5.666536,4.261451,4.963994,0.5545833,Bajo potencial de automatización,0.014815006426605817,Muy baja o ninguna
7231,Mecánicos y reparadores de vehículos de motor,Motor Vehicle Mechanics and Repairers,Not Exposed,283604.30363847676,4798,0.18,0.04,5.611276,4.032613,4.821945,0.5896111,Bajo potencial de automatización,0.01235458034062328,Muy baja o ninguna
5142,Especialistas en tratamientos de belleza y afines,Beauticians and Related Workers,Not Exposed,220474.9010960782,3852,0.18,0.19,5.895388,4.488384,5.191886,0.5473843,"Alto potencial de automatización, baja complementariedad",0.00960449063620246,Muy baja o ninguna
9411,Cocineros de comidas rápidas,Fast Food Preparers,Not Exposed,177209.69940801588,3029,0.18,0.05,5.740109,4.690097,5.215103,0.4919444,Bajo potencial de automatización,0.007719739934782157,Muy baja o ninguna
6113,"Agricultores y trabajadores calificados de huertas, invernaderos, viveros y jardines","Gardeners, Horticultural and Nursery Growers",Not Exposed,133090.6691759687,1264,0.18,0.11,5.519656,3.913519,4.716588,0.599537,Bajo potencial de automatización,0.0057977941231027895,Muy baja o ninguna
8331,"Conductores de buses, microbuses y tranvías",Bus and Tram Drivers,Not Exposed,111363.17534933025,1644,0.18,0.06,5.845283,4.44014,5.142711,0.5483333,"Alto potencial de automatización, alta complementariedad",0.004851284974130967,Muy baja o ninguna
7126,Fontaneros e instaladores de tuberías,Plumbers and Pipe Fitters,Not Exposed,57179.69907475995,774,0.18,0.1,5.505657,3.570432,4.538045,0.6606945,Bajo potencial de automatización,0.0024909043234135975,Muy baja o ninguna
9612,Clasificadores de desechos,Refuse Sorters,Not Exposed,43429.25653265051,662,0.18,0.11,5.456093,4.18452,4.820306,0.5422223,Bajo potencial de automatización,0.0018918973798441859,Muy baja o ninguna
9510,Trabajadores ambulantes de servicios y afines,Street and Related Service Workers,Not Exposed,25439.256860244393,384,0.18,0.09,5.778424,4.208606,4.993515,0.5801984,Bajo potencial de automatización,0.0011082037143071097,Muy baja o ninguna
7534,"Tapiceros, colchoneros y afines",Upholsterers and Related Workers,Not Exposed,24649.54242674355,389,0.18,0.09,5.442407,4.624534,5.033471,0.4594445,Bajo potencial de automatización,0.0010738015903278024,Muy baja o ninguna
7223,Ajustadores y operadores de máquinas herramientas,Metal Working Machine Tool Setters and Operators,Not Exposed,19931.761205054838,275,0.18,0.05,5.619966,4.624601,5.122283,0.4861773,Bajo potencial de automatización,0.0008682821169451379,Muy baja o ninguna
6223,Pescadores de alta mar,Deep-sea Fishery Workers,Not Exposed,14465.80516945509,183,0.18,0.07,5.583576,4.052501,4.818039,0.5804167,Bajo potencial de automatización,0.0006301700992015184,Muy baja o ninguna
7314,Alfareros y ceramistas (barro y arcilla),Potters and Related Workers,Not Exposed,13993.33477721893,176,0.18,0.07,5.557803,4.6359,5.096851,0.4750834,Bajo potencial de automatización,0.0006095879946827931,Muy baja o ninguna
8143,Operadores de máquinas para fabricar productos de papel,Paper Products Machine Operators,Not Exposed,12424.158697894847,123,0.18,0.02,5.542026,4.33086,4.936443,0.5277778,Bajo potencial de automatización,0.000541230386240763,Muy baja o ninguna
8343,"Operadores de grúas, aparatos elevadores y afines","Crane, hoist and related plant operators",Not Exposed,9804.807537663717,172,0.18,0.03,5.762412,4.230907,4.996659,0.5748889,Bajo potencial de automatización,0.0004271242745414416,Muy baja o ninguna
5411,Bomberos y rescatistas,Fire Fighters,Not Exposed,7196.027037402065,127,0.18,0.1,5.603296,3.194285,4.39879,0.7384722,Bajo potencial de automatización,0.0003134786497464825,Muy baja o ninguna
7316,"Rotulistas, pintores decorativos y grabadores","Sign Writers, Decorative Painters, Engravers and Etchers",Not Exposed,6788.876834580496,93,0.18,0.08,5.671703,5.021366,5.346535,0.4233333,Bajo potencial de automatización,0.00029574207160952895,Muy baja o ninguna
3214,Técnicos de prótesis médicas y dentales,Medical and Dental Prosthetic Technicians,Not Exposed,6219.596244619754,101,0.18,0.05,6.050113,4.436158,5.243135,0.5761806,"Alto potencial de automatización, alta complementariedad",0.00027094264968681735,Muy baja o ninguna
8141,Operadores de máquinas para fabricar productos de caucho,Rubber Products Machine Operators,Not Exposed,2612.6517381415533,27,0.18,0.05,5.508034,4.537099,5.022566,0.4850333,Bajo potencial de automatización,0.00011381426652144664,Muy baja o ninguna
6112,Agricultores y trabajadores calificados de plantaciones de árboles y arbustos,Tree and Shrub Crop Growers,Not Exposed,265577.07268912403,2113,0.17,0.11,5.666536,4.261451,4.963994,0.5545833,Bajo potencial de automatización,0.011569264778675184,Muy baja o ninguna
5141,Peluqueros,Hairdressers,Not Exposed,208233.76320235245,3670,0.17,0.18,5.886141,4.275666,5.080903,0.5818056,"Alto potencial de automatización, alta complementariedad",0.009071233137538168,Muy baja o ninguna
6121,Criadores de ganado y trabajadores de la cría de animales domésticos (excepto aves de corral),Livestock and Dairy Producers,Not Exposed,182608.59825950343,1826,0.17,0.1,5.689269,4.093038,4.891153,0.5883333,Bajo potencial de automatización,0.007954930757896847,Muy baja o ninguna
7512,"Panaderos, pasteleros y confiteros","Bakers, Pastry-cooks and Confectionery Makers",Not Exposed,131486.40266696326,1970,0.17,0.08,5.860904,4.822222,5.341563,0.4863889,"Alto potencial de automatización, baja complementariedad",0.005727907879421013,Muy baja o ninguna
8111,Mineros y operadores de instalaciones mineras,Miners and Quarriers,Not Exposed,92903.3104468306,774,0.17,0.11,5.471848,4.10068,4.786264,0.5587152,Bajo potencial de automatización,0.004047122692074389,Muy baja o ninguna
7412,Ajustadores electricistas,Electrical Mechanics and Fitters,Not Exposed,87022.670197954,1443,0.17,0.05,5.691718,3.970697,4.831207,0.6110684,Bajo potencial de automatización,0.0037909458940605526,Muy baja o ninguna
6222,Pescadores de agua dulce y en aguas costeras,Inland and Coastal Waters Fishery Workers,Not Exposed,83330.29827791275,946,0.17,0.1,5.583576,4.052501,4.818039,0.5804167,Bajo potencial de automatización,0.003630096058750007,Muy baja o ninguna
7233,Mecánicos y reparadores de máquinas agrícolas e industriales,Agricultural and Industrial Machinery Mechanics and Repairers,Not Exposed,66268.01535432065,825,0.17,0.04,5.562452,3.895077,4.728765,0.6082098,Bajo potencial de automatización,0.0028868162760754953,Muy baja o ninguna
7536,Zapateros y afines,Shoemakers and Related Workers,Not Exposed,58808.32219719127,1101,0.17,0.06,5.587921,4.814926,5.201423,0.4475,Bajo potencial de automatización,0.0025618516078960065,Muy baja o ninguna
8142,Operadores de máquinas para fabricar productos de material plástico,Plastic Products Machine Operators,Not Exposed,47865.35917489113,461,0.17,0.05,5.580045,4.570486,5.075265,0.4899969,Bajo potencial de automatización,0.002085146162707075,Muy baja o ninguna
7221,Herreros y forjadores,"Blacksmiths, Hammersmiths and Forging Press Workers",Not Exposed,46959.53849952829,826,0.17,0.05,5.65006,4.441851,5.045956,0.5228968,Bajo potencial de automatización,0.0020456861327837156,Muy baja o ninguna
6114,Agricultores y trabajadores calificados de cultivos mixtos,Mixed Crop Growers,Not Exposed,28918.53358060287,264,0.17,0.12,5.666536,4.261451,4.963994,0.5545833,Bajo potencial de automatización,0.0012597705389901512,Muy baja o ninguna
2636,Profesionales religiosos,Religious Professionals,Not Exposed,20998.302928246012,356,0.17,0.12,6.596554,4.26182,5.429187,0.6630555,"Alto potencial de automatización, alta complementariedad",0.0009147435959732877,Muy baja o ninguna
7532,"Patronistas y cortadores de tela, cuero y afines",Garment and Related Patternmakers and Cutters,Not Exposed,19826.771038469327,188,0.17,0.04,5.725956,5.165907,5.445931,0.4043518,Bajo potencial de automatización,0.0008637084576902712,Muy baja o ninguna
8181,Operadores de máquinas y de instalaciones para elaborar productos de vidrio y cerámica,Glass and Ceramics Plant Operators,Not Exposed,13105.630970669463,125,0.17,0.06,5.59065,4.464967,5.027808,0.5102593,Bajo potencial de automatización,0.0005709171851922824,Muy baja o ninguna
5163,Personal de servicios funerarios y embalsamadores,Undertakers and Embalmers,Not Exposed,1914.231242143601,39,0.17,0.17,5.814301,3.767857,4.791079,0.6611111,"Alto potencial de automatización, alta complementariedad",8.33891565402383e-05,Muy baja o ninguna
3255,Técnicos y asistentes terapeutas,Physiotherapy Technicians and Assistants,Not Exposed,1460.8583979045434,29,0.17,0.07,5.848796,4.078256,4.963526,0.6088889,"Alto potencial de automatización, alta complementariedad",6.363899352596873e-05,Muy baja o ninguna
7224,Pulidores de metales y afiladores de herramientas,"Metal Polishers, Wheel Grinders and Tool Sharpeners",Not Exposed,1207.829202871298,16,0.17,0.05,5.577639,4.695765,5.136702,0.4669445,Bajo potencial de automatización,5.2616348670246056e-05,Muy baja o ninguna
8312,"Guardafrenos, guardagujas y agentes de maniobras","Railway Brake, Signal and Switch Operators",Not Exposed,359.7045206749573,4,0.17,0.04,5.780596,4.030725,4.905661,0.6115377,Bajo potencial de automatización,1.5669714255214945e-05,Muy baja o ninguna
7522,Ebanistas y carpinteros (excluye carpinteros de armar y de obra blanca),Cabinet-makers and Related Workers,Not Exposed,84924.53690378589,1401,0.16,0.06,5.548779,4.383044,4.965911,0.5186111,Bajo potencial de automatización,0.0036995454603732706,Muy baja o ninguna
8156,Operadores de máquinas para la fabricación de calzado y afines,Shoemaking and Related Machine Operators,Not Exposed,11876.941188553856,140,0.16,0.02,5.570367,5.126286,5.348326,0.3888889,Bajo potencial de automatización,0.0005173920925470003,Muy baja o ninguna
8157,Operadores de máquinas de lavandería,Laundry Machine Operators,Not Exposed,6219.678653259228,84,0.16,0.03,5.559304,5.017272,5.288288,0.4066667,Bajo potencial de automatización,0.0002709462396328939,Muy baja o ninguna
3251,Higienistas y asistentes odontologícos,Dental Assistants and Therapists,Not Exposed,6088.499233559581,98,0.16,0.1,5.821962,4.313719,5.067841,0.5683333,"Alto potencial de automatización, alta complementariedad",0.00026523170477244423,Muy baja o ninguna
8152,Operadores de telares y otras máquinas tejedoras,Weaving and Knitting Machine Operators,Not Exposed,5214.932697315077,58,0.16,0.03,5.474895,5.227004,5.350949,0.3544444,Bajo potencial de automatización,0.00022717675350248585,Muy baja o ninguna
8159,Operadores de máquinas para fabricar productos textiles y artículos de piel y cuero no clasificados en otros grupos primarios,"Textile, Fur and Leather Products Machine Operators Not Elsewhere Classified",Not Exposed,1994.437789531895,18,0.16,0.01,5.695531,4.581244,5.138388,0.5039815,Bajo potencial de automatización,8.688317345338027e-05,Muy baja o ninguna
7541,Buzos,Underwater Divers,Not Exposed,60.131059789304786,2,0.16,0.09,5.537519,3.414804,4.476161,0.6925,Bajo potencial de automatización,2.619473680768923e-06,Muy baja o ninguna
8153,Operadores de máquinas de coser,Sewing Machine Operators,Not Exposed,214392.33136070284,2216,0.15,0.03,5.600067,5.334064,5.467066,0.3566667,Bajo potencial de automatización,0.00933951723661353,Muy baja o ninguna
7531,"Sastres, modistos, peleteros y sombrereros","Tailors, Dressmakers, Furriers and Hatters",Not Exposed,135465.38614452176,2780,0.15,0.05,5.840518,4.787602,5.31406,0.4894444,"Alto potencial de automatización, baja complementariedad",0.00590124329928888,Muy baja o ninguna
8160,Operadores de máquinas para elaborar alimentos y productos afines,Food and Related Products Machine Operators,Not Exposed,72158.51773340223,784,0.15,0.03,5.714449,4.614617,5.164533,0.501466,Bajo potencial de automatización,0.003143422695496285,Muy baja o ninguna
5329,Trabajadores de los cuidados personales en servicios de salud no clasificados en otros grupos primarios,Personal Care Workers in Health Services Not Elsewhere Classified,Not Exposed,54468.51496146848,1019,0.15,0.03,5.76232,4.272467,5.017393,0.5681771,Bajo potencial de automatización,0.002372797716721975,Muy baja o ninguna
7514,"Operarios de la conservación de frutas, legumbres, verduras y afines","Fruit, Vegetable and Related Preservers",Not Exposed,47320.68648631297,701,0.15,0.04,5.782012,4.51738,5.149696,0.5277315,Bajo potencial de automatización,0.0020614187283767406,Muy baja o ninguna
2261,Odontólogos,Dentists,Not Exposed,31532.608718814816,541,0.15,0.06,5.987839,3.285462,4.636651,0.7605556,"Alto potencial de automatización, alta complementariedad",0.0013736468127177682,Muy baja o ninguna
8151,"Operadores de máquinas de preparación de fibras, hilado y devanado","Fibre Preparing, Spinning and Winding Machine Operators",Not Exposed,3785.67255137232,37,0.15,0.02,5.40671,4.902084,5.154397,0.4025,Bajo potencial de automatización,0.00016491426638871453,Muy baja o ninguna
7413,Instaladores y reparadores de líneas eléctricas,Electrical Line Installers and Repairers,Not Exposed,2194.5355888470467,31,0.15,0.08,5.786233,3.646655,4.716444,0.6798611,Bajo potencial de automatización,9.55999817172361e-05,Muy baja o ninguna
8155,Operadores de máquinas de tratamiento de pieles y cueros,Fur and Leather Preparing Machine Operators,Not Exposed,394.31129686752405,9,0.15,0.02,5.695531,4.581244,5.138388,0.5039815,Bajo potencial de automatización,1.7177280224122296e-05,Muy baja o ninguna
9111,Personal doméstico,Domestic Cleaners and Helpers,Not Exposed,963168.2294587679,17596,0.14,0.08,5.367166,4.998919,5.183043,0.3777778,Bajo potencial de automatización,0.041958246471298644,Muy baja o ninguna
9333,Obreros y peones de carga,Freight Handlers,Not Exposed,251208.7140929787,3793,0.14,0.03,5.617035,3.812071,4.714553,0.6287153,Bajo potencial de automatización,0.01094333971914136,Muy baja o ninguna
5321,Trabajadores de los cuidados personales en instituciones,Health Care Assistants,Not Exposed,189195.80620550874,3719,0.14,0.06,5.718919,4.187682,4.9533,0.5770833,Bajo potencial de automatización,0.008241887580290685,Muy baja o ninguna
5412,Policías,Police Officers,Not Exposed,91631.78745406696,1929,0.14,0.03,5.781797,3.474969,4.628383,0.7077778,Bajo potencial de automatización,0.003991731667440739,Muy baja o ninguna
7111,Constructores de casas,House Builders,Not Exposed,70996.87932235905,1044,0.14,0.07,6.498469,3.783553,5.141011,0.7269444,"Alto potencial de automatización, alta complementariedad",0.0030928185442479967,Muy baja o ninguna
5164,Cuidadores de animales,Pet Groomers and Animal Care Workers,Not Exposed,40808.14401607575,496,0.14,0.06,5.791688,4.093058,4.942373,0.602257,Bajo potencial de automatización,0.001777714538637672,Muy baja o ninguna
9121,Lavanderos y planchadores manuales,Hand Launderers and Pressers,Not Exposed,38776.00778300933,706,0.14,0.03,5.155579,4.841948,4.998764,0.37,Bajo potencial de automatización,0.0016891891177169985,Muy baja o ninguna
2250,Veterinarios,Veterinarians,Not Exposed,17643.640137771003,326,0.14,0.05,6.000775,3.443778,4.722277,0.7352778,"Alto potencial de automatización, alta complementariedad",0.0007686052954295296,Muy baja o ninguna
7125,Cristaleros,Glaziers,Not Exposed,12586.82841776323,139,0.14,0.0,5.408525,3.477982,4.443254,0.6661111,Bajo potencial de automatización,0.0005483167248375937,Muy baja o ninguna
8350,Marineros de cubierta y afines,Ships' Deck Crews and Related Workers,Not Exposed,11023.076980402035,219,0.14,0.02,5.575459,3.759851,4.667655,0.6348611,Bajo potencial de automatización,0.00048019542865912853,Muy baja o ninguna
5413,Guardianes de prisión,Prison Guards,Not Exposed,8755.619874980717,195,0.14,0.04,5.708692,3.668595,4.688643,0.6658334,Bajo potencial de automatización,0.00038141878592681366,Muy baja o ninguna
3240,Técnicos y asistentes veterinarios,Veterinary Technicians and Assistants,Not Exposed,5710.325426751158,67,0.14,0.02,5.778573,4.259775,5.019174,0.5718056,Bajo potencial de automatización,0.0002487574178205444,Muy baja o ninguna
8172,Operadores de instalaciones de procesamiento de la madera,Wood Processing Plant Operators,Not Exposed,3298.3224264512196,57,0.14,0.05,5.509436,4.476417,4.992927,0.4966667,Bajo potencial de automatización,0.0001436839599543461,Muy baja o ninguna
7516,Preparadores y elaboradores de cigarros y productos del tabaco,Tobacco Preparers and Tobacco Products Makers,Not Exposed,2470.4188394404096,29,0.14,0.06,5.493816,4.731294,5.112555,0.4476482,Bajo potencial de automatización,0.00010761821183701903,Muy baja o ninguna
7312,Fabricantes y afinadores de instrumentos musicales,Musical Instrument Makers and Tuners,Not Exposed,1147.3479241144682,16,0.14,0.02,5.910364,4.202531,5.056448,0.5969445,"Alto potencial de automatización, alta complementariedad",4.99816184919008e-05,Muy baja o ninguna
7549,"Otros oficiales, operarios y oficios relacionados no clasificados en otros grupos primarios",Craft and Related Workers not Elsewhere Classified,Not Exposed,231.74139507242367,8,0.14,0.01,5.838835,4.6612,5.250017,0.51,"Alto potencial de automatización, baja complementariedad",1.009528997599437e-05,Muy baja o ninguna
9412,Ayudantes de cocina,Kitchen Helpers,Not Exposed,188925.73783723993,3505,0.13,0.02,5.324141,4.551204,4.937673,0.4534549,Bajo potencial de automatización,0.008230122662373603,Muy baja o ninguna
7212,Soldadores y oxicortadores,Welders and Flame Cutters,Not Exposed,113726.70472092723,1850,0.13,0.05,5.538748,4.752768,5.145758,0.45125,Bajo potencial de automatización,0.004954246787947589,Muy baja o ninguna
7544,Fumigadores y otros controladores de plagas y malas hierbas,Fumigators and Other Pest and Weed Controllers,Not Exposed,89768.72746404549,840,0.13,0.04,5.709252,4.014673,4.861963,0.605463,Bajo potencial de automatización,0.003910571670815786,Muy baja o ninguna
7131,Pintores y empapeladores,Painters and Related Workers,Not Exposed,68718.39360608242,1160,0.13,0.04,5.287336,4.14993,4.718633,0.5241667,Bajo potencial de automatización,0.0029935614650162725,Muy baja o ninguna
7511,"Carniceros, pescaderos y afines","Butchers, Fishmongers and Related Food Preparers",Not Exposed,61651.16018870384,867,0.13,0.03,5.508307,4.563854,5.03608,0.4811805,Bajo potencial de automatización,0.0026856934181609515,Muy baja o ninguna
7115,Carpinteros de armar y de obra blanca,Carpenters and Joiners,Not Exposed,57532.63112356228,910,0.13,0.02,5.435905,3.657156,4.546531,0.6363889,Bajo potencial de automatización,0.0025062790102422833,Muy baja o ninguna
8342,"Operadores de máquinas de movimiento de tierras, construcción de vías y afines",Earthmoving and Related Plant Operators,Not Exposed,32805.41014291777,464,0.13,0.02,5.543504,3.867848,4.705676,0.6112778,Bajo potencial de automatización,0.001429093529322552,Muy baja o ninguna
7234,Reparadores de bicicletas y afines,Bicycle and Related Repairers,Not Exposed,12629.258489276233,178,0.13,0.02,5.822021,4.041396,4.931708,0.6134722,"Alto potencial de automatización, alta complementariedad",0.0005501650949809255,Muy baja o ninguna
7121,Techadores,Roofers,Not Exposed,7795.332492507092,135,0.13,0.08,5.244433,3.614288,4.429361,0.62,Bajo potencial de automatización,0.0003395860370416601,Muy baja o ninguna
2659,Artistas creativos e interpretativos no clasificados en otros grupos primarios,Creative and Performing Artists Not Elsewhere Classified,Not Exposed,7493.5962082832375,121,0.13,0.06,5.834023,4.191078,5.012551,0.5904218,"Alto potencial de automatización, alta complementariedad",0.00032644157795800395,Muy baja o ninguna
9332,Conductores de vehículos y maquinaria de tracción animal,Drivers of Animal-drawn Vehicles and Machinery,Not Exposed,2396.620514152893,38,0.13,0.08,5.621805,4.201085,4.911445,0.5630555,Bajo potencial de automatización,0.00010440335463255884,Muy baja o ninguna
7215,Aparejadores y empalmadores de cables,Riggers and Cable Splicers,Not Exposed,1776.1136644103499,42,0.13,0.03,5.483974,3.524976,4.504475,0.6663889,Bajo potencial de automatización,7.737237651022529e-05,Muy baja o ninguna
7211,Moldeadores y macheros,Metal Moulders and Coremakers,Not Exposed,1358.2141798637426,7,0.13,0.01,5.38403,4.462086,4.923059,0.4798611,Bajo potencial de automatización,5.9167530215940595e-05,Muy baja o ninguna
7124,Instaladores de material aislante y de insonorización,Insulation Workers,Not Exposed,403.1229115841448,7,0.13,0.02,5.383828,3.958101,4.670964,0.5734723,Bajo potencial de automatización,1.7561138298737002e-05,Muy baja o ninguna
6320,Trabajadores pecuarios de subsistencia,Subsistence Livestock Farmers,Not Exposed,57.013231165516096,1,0.13,0.04,5.534948,4.226548,4.880748,0.5455555,Bajo potencial de automatización,2.483652525283233e-06,Muy baja o ninguna
9112,"Aseadores de oficinas, hoteles y otros establecimientos","Cleaners and Helpers in Offices, Hotels and Other Establishments",Not Exposed,461881.88818805374,7346,0.12,0.02,5.351422,4.47139,4.911406,0.4737963,Bajo potencial de automatización,0.02012084027741779,Muy baja o ninguna
9212,Obreros y peones de explotaciones ganaderas,Livestock Farm Labourers,Not Exposed,230169.54382020514,2209,0.12,0.03,5.496937,4.359926,4.928432,0.515625,Bajo potencial de automatización,0.010026815829692986,Muy baja o ninguna
9214,Obreros y peones de jardinería y horticultura,Garden and Horticultural Labourers,Not Exposed,117497.67484810308,1058,0.12,0.02,5.297286,4.28695,4.792118,0.4993519,Bajo potencial de automatización,0.005118520576464117,Muy baja o ninguna
9329,Obreros y peones de la industria manufacturera no clasificados en otros grupos primarios,Manufacturing Labourers Not Elsewhere Classified,Not Exposed,60527.85098076325,744,0.12,0.02,5.420554,4.454631,4.937593,0.4880092,Bajo potencial de automatización,0.002636758991994574,Muy baja o ninguna
7132,Barnizadores y afines,Spray Painters and Varnishers,Not Exposed,41699.86859156142,803,0.12,0.0,5.455611,4.364489,4.91005,0.5091667,Bajo potencial de automatización,0.0018165605038370917,Muy baja o ninguna
6210,Trabajadores forestales calificados y afines,Forestry and Related Workers,Not Exposed,33124.820038674516,336,0.12,0.05,5.591495,4.05111,4.821302,0.5835416,Bajo potencial de automatización,0.0014430078993377094,Muy baja o ninguna
7533,"Costureros, bordadores y afines","Sewing, Embroidery and Related Workers",Not Exposed,21534.72644095589,353,0.12,0.02,5.643186,4.657197,5.150191,0.4850695,Bajo potencial de automatización,0.0009381116736059235,Muy baja o ninguna
8341,Operadores de maquinaria agrícola y forestal móvil,Mobile Farm and Forestry Plant Operators,Not Exposed,20680.237142101098,202,0.12,0.03,5.550276,4.501364,5.02582,0.4979166,Bajo potencial de automatización,0.0009008877790547263,Muy baja o ninguna
3413,Auxiliares laicos de las religiones,Religious Associate Professionals,Not Exposed,1222.4868015592367,14,0.12,0.07,6.596554,4.26182,5.429187,0.6630555,"Alto potencial de automatización, alta complementariedad",5.3254873820490584e-05,Muy baja o ninguna
7542,Dinamiteros y pegadores,Shotfirers and Blasters,Not Exposed,600.8729259813092,3,0.12,0.05,5.686134,3.746531,4.716332,0.6502777,Bajo potencial de automatización,2.6175670620304066e-05,Muy baja o ninguna
9311,Obreros y peones de minas y canteras,Mining and Quarrying Labourers,Not Exposed,94385.97195299831,792,0.11,0.02,5.421518,3.601741,4.51163,0.6446086,Bajo potencial de automatización,0.004111711488721315,Muy baja o ninguna
9213,Obreros y peones de explotaciones agropecuarias,Mixed Crop and Livestock Farm Labourers,Not Exposed,87809.66312187936,777,0.11,0.03,5.435138,4.410078,4.922608,0.4970833,Bajo potencial de automatización,0.003825229461627751,Muy baja o ninguna
7123,Revocadores,Plasterers,Not Exposed,26354.942704817513,377,0.11,0.01,5.291686,4.211357,4.751522,0.5133333,Bajo potencial de automatización,0.0011480934980248178,Muy baja o ninguna
9622,Personas que realizan trabajos varios,Odd Job Persons,Not Exposed,13396.788658439751,178,0.11,0.03,5.535397,3.888795,4.712096,0.6059028,Bajo potencial de automatización,0.000583600811636589,Muy baja o ninguna
7113,"Labrantes, tronzadores y grabadores de piedra","Stonemasons, Stone Cutters, Splitters and Carvers",Not Exposed,2930.305068551866,27,0.11,0.02,5.426626,3.821348,4.623987,0.6054167,Bajo potencial de automatización,0.0001276521157383734,Muy baja o ninguna
9216,Obreros y peones de pesca y acuicultura,Fishery and Aquaculture Labourers,Not Exposed,2843.416470775056,33,0.11,0.03,5.443712,4.255008,4.84936,0.5272222,Bajo potencial de automatización,0.000123867010406241,Muy baja o ninguna
7214,Montadores de estructuras metálicas,Structural Metal Preparers and Erectors,Not Exposed,1441.3657660556842,24,0.11,0.02,5.309259,3.576487,4.442873,0.6351852,Bajo potencial de automatización,6.278984108668165e-05,Muy baja o ninguna
7535,"Apelambradores, pellejeros y curtidores","Pelt Dressers, Tanners and Fellmongers",Not Exposed,515.2233578151985,12,0.11,0.03,5.55607,4.755932,5.156001,0.4514352,Bajo potencial de automatización,2.2444540812073808e-05,Muy baja o ninguna
9123,Limpiadores de ventanas,Window Cleaners,Not Exposed,123.79495765215138,2,0.11,0.03,5.387205,4.281332,4.834268,0.5144445,Bajo potencial de automatización,5.392847465485575e-06,Muy baja o ninguna
9129,Otro personal de limpieza no clasificados en otros grupos primarios,Other Cleaning Workers,Not Exposed,10392.248817662543,143,0.1,0.01,5.434045,4.24494,4.839492,0.52725,Bajo potencial de automatización,0.0004527148258695894,Muy baja o ninguna
7122,"Enchapadores, parqueteros y colocadores de suelos",Floor Layers and Tile Setters,Not Exposed,8138.364761400847,141,0.1,0.02,5.376505,4.166674,4.77159,0.5340972,Bajo potencial de automatización,0.00035452946233917104,Muy baja o ninguna
7114,"Operarios en cemento armado, enfoscadores y afines","Concrete Placers, Concrete Finishers and Related Workers",Not Exposed,797.7355551603662,13,0.1,0.03,5.353008,4.011436,4.682222,0.559074,Bajo potencial de automatización,3.475154601096586e-05,Muy baja o ninguna
9211,Obreros y peones de explotaciones agrícolas,Crop Farm Labourers,Not Exposed,1243208.4426374848,11295,0.09,0.02,5.385233,4.501843,4.943539,0.4728472,Bajo potencial de automatización,0.054157565268421214,Muy baja o ninguna
9313,Obreros y peones de la construcción de edificios,Building Construction Labourers,Not Exposed,664834.2040526397,10791,0.09,0.02,5.253151,3.907375,4.580263,0.5650289,Bajo potencial de automatización,0.02896199910151259,Muy baja o ninguna
7112,Albañiles,Bricklayers and Related Workers,Not Exposed,196790.14179076074,3338,0.09,0.01,5.360294,3.961518,4.660906,0.57125,Bajo potencial de automatización,0.008572717641463709,Muy baja o ninguna
9611,Recolectores de basura y material reciclable,Garbage and Recycling Collectors,Not Exposed,81246.14689214369,1342,0.09,0.02,5.778382,4.156321,4.967351,0.5873611,Bajo potencial de automatización,0.0035393047152930744,Muy baja o ninguna
9122,Lavadores de vehículos,Vehicle Cleaners,Not Exposed,57936.474016827575,891,0.09,0.01,5.299895,4.133918,4.716907,0.5291666,Bajo potencial de automatización,0.0025238715129152892,Muy baja o ninguna
9312,Obreros y peones de obras públicas y mantenimiento,Civil Engineering Labourers,Not Exposed,29158.562417149053,353,0.09,0.02,5.369333,3.727886,4.54861,0.6142439,Bajo potencial de automatización,0.0012702268526184391,Muy baja o ninguna
9613,Barrenderos y afines,Sweepers and Related Labourers,Not Exposed,22396.29013016938,341,0.09,0.03,5.368045,3.989535,4.67879,0.5655556,Bajo potencial de automatización,0.0009756437479799449,Muy baja o ninguna
7119,Oficiales y operarios de la construcción de obra gruesa y afines no clasificados en otros grupos primarios,Building Frame and Related Trades Workers Not Elsewhere Classified,Not Exposed,13393.381564460393,212,0.09,0.01,5.509556,3.820904,4.66523,0.6164167,Bajo potencial de automatización,0.0005834523892898333,Muy baja o ninguna
9215,Obreros y peones forestales,Forestry Labourers,Not Exposed,8330.041799191096,65,0.09,0.02,5.553598,3.872925,4.713262,0.6114583,Bajo potencial de automatización,0.00036287943916410323,Muy baja o ninguna
9624,Acarreadores de agua y recolectores de leña,Water and Firewood Collectors,Not Exposed,820.9849070970005,8,0.09,0.03,5.264157,4.078259,4.671208,0.5344445,Bajo potencial de automatización,3.576435146801819e-05,Muy baja o ninguna
7133,Limpiadores de fachadas y deshollinadores,Building Structure Cleaners,Not Exposed,440.7306917390729,4,0.09,0.01,5.379189,4.568367,4.973778,0.4597778,Bajo potencial de automatización,1.9199436220861764e-05,Muy baja o ninguna
6224,Cazadores y tramperos,Hunters and Trappers,Not Exposed,222.30860768034745,2,0.09,0.03,5.630557,4.090098,4.860328,0.5804167,Bajo potencial de automatización,9.684371918065388e-06,Muy baja o ninguna
8323,Conductores de camionetas y vehículos livianos,,Sin correspondencia 4d,339765.28486887645,4855,,,,,,,Sin correspondencia AIOE,0.014801106524174023,Sin correspondencia 4d
8324,Conductores de taxis,,Sin correspondencia 4d,154249.55338527696,3095,,,,,,,Sin correspondencia AIOE,0.006719533079557675,Sin correspondencia 4d
7332,Tejedores con agujas,,Sin correspondencia 4d,69491.19863837356,926,,,,,,,Sin correspondencia AIOE,0.0030272269691591497,Sin correspondencia 4d
1439,Otros gerentes de servicios no clasificados en otros grupos primarios,,Sin correspondencia 4d,42178.21948617532,729,,,6.471066,4.418076,5.444571,0.6264236,"Alto potencial de automatización, alta complementariedad",0.0018373987791477865,Sin correspondencia 4d
7341,Cesteros y mimbreros,,Sin correspondencia 4d,33083.420033862574,276,,,,,,,Sin correspondencia AIOE,0.001441204401721526,Sin correspondencia 4d
7399,Artesanos de otros materiales no clasificados en otros grupos primarios,,Sin correspondencia 4d,29358.78140705724,433,,,,,,,Sin correspondencia AIOE,0.0012789489402765036,Sin correspondencia 4d
7331,Tejedores con telares,,Sin correspondencia 4d,24054.917201423672,256,,,,,,,Sin correspondencia AIOE,0.0010478980866625675,Sin correspondencia 4d
3435,Otros técnicos y profesionales del nivel medio en actividades culturales y artísticas,,Sin correspondencia 4d,16483.62496402525,237,,,5.993934,4.592324,5.293129,0.5415646,"Alto potencial de automatización, baja complementariedad",0.0007180718568444332,Sin correspondencia 4d
5249,Otros vendedores no clasificados en otros grupos primarios,,Sin correspondencia 4d,14387.244620604579,315,,,6.301773,5.209226,5.755499,0.4836111,"Alto potencial de automatización, baja complementariedad",0.0006267477864935479,Sin correspondencia 4d
7342,Sombrereros artesanales,,Sin correspondencia 4d,10234.863165140547,80,,,,,,,Sin correspondencia AIOE,0.0004458586757209546,Sin correspondencia 4d
7363,Bisutero,,Sin correspondencia 4d,9182.083785460996,156,,,,,,,Sin correspondencia AIOE,0.0003999967220752063,Sin correspondencia 4d
7333,Otros tejedores,,Sin correspondencia 4d,9067.735601926635,118,,,,,,,Sin correspondencia AIOE,0.0003950154019677355,Sin correspondencia 4d
310,Otros miembros de las Fuerzas Militares,,Sin correspondencia 4d,8757.003725826795,228,,,,,,,Sin correspondencia AIOE,0.0003814790702604361,Sin correspondencia 4d
7361,Joyeros,,Sin correspondencia 4d,7467.802898686932,98,,,,,,,Sin correspondencia AIOE,0.00032531795073666126,Sin correspondencia 4d
7370,Artesanos del cuero,,Sin correspondencia 4d,7266.01934837207,84,,,,,,,Sin correspondencia AIOE,0.000316527706541499,Sin correspondencia 4d
210,Suboficiales de las Fuerzas Militares,,Sin correspondencia 4d,6664.193779858878,139,,,,,,,Sin correspondencia AIOE,0.00029031053620294294,Sin correspondencia 4d
9626,Lectores de medidores,,Sin correspondencia 4d,6101.335318725654,81,,,,,,,Sin correspondencia AIOE,0.00026579087980402446,Sin correspondencia 4d
7351,Tallador piezas artesanales de madera,,Sin correspondencia 4d,4679.405107584326,75,,,,,,,Sin correspondencia AIOE,0.00020384770472901272,Sin correspondencia 4d
3139,Técnicos en control de procesos no clasificados en otros grupos primarios,,Sin correspondencia 4d,3311.982167334404,33,,,6.023679,4.733608,5.378644,0.5233333,"Alto potencial de automatización, baja complementariedad",0.00014427901568519469,Sin correspondencia 4d
8189,Otros operadores de máquinas y de instalaciones fijas no clasificados en otros grupos primarios,,Sin correspondencia 4d,3047.612350615136,33,,,5.621622,4.49633,5.058976,0.5098611,Bajo potencial de automatización,0.00013276234228358936,Sin correspondencia 4d
110,Oficiales de las Fuerzas Militares,,Sin correspondencia 4d,2848.7714593290398,34,,,,,,,Sin correspondencia AIOE,0.00012410028837651343,Sin correspondencia 4d
7352,Decoradores de piezas artesanales en madera,,Sin correspondencia 4d,1131.610015047295,24,,,,,,,Sin correspondencia AIOE,4.929603206225455e-05,Sin correspondencia 4d
7391,Artesanos de papel,,Sin correspondencia 4d,879.9548010504434,13,,,,,,,Sin correspondencia AIOE,3.833324158420824e-05,Sin correspondencia 4d
7392,Artesanos del hierro y otros metales,,Sin correspondencia 4d,689.0052804156527,9,,,,,,,Sin correspondencia AIOE,3.0014957399447496e-05,Sin correspondencia 4d
7393,Artesanos de las semillas y cortezas vegetales,,Sin correspondencia 4d,660.4856039371087,12,,,,,,,Sin correspondencia AIOE,2.877256216840788e-05,Sin correspondencia 4d
7362,Orfebres y plateros,,Sin correspondencia 4d,502.35498128885297,11,,,,,,,Sin correspondencia AIOE,2.1883959080384752e-05,Sin correspondencia 4d
0,,,Sin correspondencia 4d,400.9631282635806,5,,,,,,,Sin correspondencia AIOE,1.746705222102267e-05,Sin correspondencia 4d
9625,Recolectores de dinero y surtidores de máquinas de venta automática,,Sin correspondencia 4d,15.52075905148937,1,,,,,,,Sin correspondencia AIOE,6.76126780126429e-07,Sin correspondencia 4d
