metodo,cobertura,exposicion_promedio
Correspondencia exacta 4d (principal),0.9648901333502832,0.2640261036182853
4d con imputacion 2d (sensibilidad),0.9991866430529389,0.2621211642986048
