quintil_ingreso,oficio_c8_4d,oficio_c8_label,cuadrante_aioe_caioe,ocupados,observaciones
1,5223,"Vendedores y auxiliares de venta en tiendas, almacenes y afines","Alto potencial de automatización, baja complementariedad",282380.76913746365,4628
1,5212,Vendedores ambulantes de alimentos preparados para consumo inmediato,"Alto potencial de automatización, baja complementariedad",130426.82252443147,2287
1,5221,Comerciantes de tiendas,"Alto potencial de automatización, alta complementariedad",130170.03851940825,2294
1,3322,Representantes comerciales,"Alto potencial de automatización, alta complementariedad",122114.97384846534,2131
1,5142,Especialistas en tratamientos de belleza y afines,"Alto potencial de automatización, baja complementariedad",98669.6715290121,1659
1,9520,Vendedores ambulantes (excluyendo comidas de preparación inmediata),"Alto potencial de automatización, baja complementariedad",98537.85041293298,1840
1,7531,"Sastres, modistos, peleteros y sombrereros","Alto potencial de automatización, baja complementariedad",82224.93613237244,1674
1,5141,Peluqueros,"Alto potencial de automatización, alta complementariedad",76683.89139682335,1317
1,5311,Cuidadores de niños,"Alto potencial de automatización, alta complementariedad",60671.96700997615,861
1,1420,Gerentes de comercios al por mayor y al por menor,"Alto potencial de automatización, alta complementariedad",56647.231353437,910
1,5211,Vendedores en quioscos y puestos de mercado,"Alto potencial de automatización, baja complementariedad",55437.34560196994,1088
1,7512,"Panaderos, pasteleros y confiteros","Alto potencial de automatización, baja complementariedad",40692.65992817645,597
1,2359,Otros profesionales de la educación no clasificados en otros grupos primarios,"Alto potencial de automatización, alta complementariedad",22337.89823472158,399
1,5244,Vendedores a través de medios tecnológicos,"Alto potencial de automatización, baja complementariedad",21348.24183764931,257
1,5243,Vendedores puerta a puerta,"Alto potencial de automatización, baja complementariedad",16824.801482271545,218
1,5414,Guardias de seguridad,"Alto potencial de automatización, alta complementariedad",14688.569559658536,309
1,5322,Trabajadores de los cuidados personales a domicilio,"Alto potencial de automatización, alta complementariedad",14596.646726371306,249
1,5230,"Cajeros de comercio, taquilleros y expendedores de boletas","Alto potencial de automatización, baja complementariedad",14470.742885828646,182
1,1311,Directores de producción agropecuaria y silvicultura,"Alto potencial de automatización, alta complementariedad",13952.022247431074,183
1,8332,Conductores de camiones y vehículos pesados,"Alto potencial de automatización, alta complementariedad",12217.173346393802,180
1,3123,Supervisores de la construcción,"Alto potencial de automatización, alta complementariedad",10660.741686723699,185
1,1412,Gerentes de restaurantes,"Alto potencial de automatización, alta complementariedad",9418.848891009797,157
1,3422,"Entrenadores, instructores y árbitros de actividades deportivas","Alto potencial de automatización, alta complementariedad",8301.558548826755,131
1,7111,Constructores de casas,"Alto potencial de automatización, alta complementariedad",8275.266249112618,132
1,2652,"Compositores, músicos y cantantes","Alto potencial de automatización, alta complementariedad",6796.094260805494,93
1,4110,Oficinistas generales,"Alto potencial de automatización, baja complementariedad",6018.6358797258645,127
1,9629,Otras ocupaciones elementales no clasificadas en otros grupos primarios,"Alto potencial de automatización, baja complementariedad",4848.819293238882,80
1,7234,Reparadores de bicicletas y afines,"Alto potencial de automatización, alta complementariedad",4571.956042023454,77
1,2166,Diseñadores gráficos y multimedia,"Alto potencial de automatización, baja complementariedad",4091.0613953658335,80
1,2611,Abogados,"Alto potencial de automatización, alta complementariedad",4028.264031389082,62
1,5249,Otros vendedores no clasificados en otros grupos primarios,"Alto potencial de automatización, baja complementariedad",3834.746283966688,91
1,4132,Grabadores de datos,"Alto potencial de automatización, baja complementariedad",3794.3216904657156,45
1,4311,Auxiliares de contabilidad y cálculo de costos,"Alto potencial de automatización, baja complementariedad",3727.4523687278943,54
1,3423,Instructores de educación física y actividades recreativas,"Alto potencial de automatización, alta complementariedad",3584.5713015631163,55
1,4212,Receptores de apuestas y afines,"Alto potencial de automatización, baja complementariedad",3381.3820550541795,71
1,2634,Psicólogos,"Alto potencial de automatización, alta complementariedad",3263.809241199216,36
1,3435,Otros técnicos y profesionales del nivel medio en actividades culturales y artísticas,"Alto potencial de automatización, baja complementariedad",3079.730728451218,57
1,2341,Profesores de educación primaria,"Alto potencial de automatización, alta complementariedad",3069.1086184555384,54
1,3332,Organizadores de conferencias y eventos,"Alto potencial de automatización, alta complementariedad",2922.281880147799,32
1,5112,Revisores y cobradores de los transportes públicos,"Alto potencial de automatización, alta complementariedad",2883.2488244659025,43
1,3431,Fotógrafos,"Alto potencial de automatización, alta complementariedad",2853.7413360289074,67
1,1439,Otros gerentes de servicios no clasificados en otros grupos primarios,"Alto potencial de automatización, alta complementariedad",2850.7153935427023,46
1,5312,Auxiliares de maestros,"Alto potencial de automatización, alta complementariedad",2811.958226739781,52
1,4120,Secretarios generales,"Alto potencial de automatización, baja complementariedad",2717.5873522799034,46
1,3432,Diseñadores y decoradores de interiores,"Alto potencial de automatización, alta complementariedad",2685.8004231438863,58
1,2411,Contadores,"Alto potencial de automatización, baja complementariedad",2590.379530504165,61
1,4414,Escribientes públicos y afines,"Alto potencial de automatización, alta complementariedad",2583.466650574186,51
1,4224,Recepcionistas de hoteles,"Alto potencial de automatización, alta complementariedad",2525.9882196076605,40
1,3324,Agentes de operaciones comerciales y consignatarios,"Alto potencial de automatización, alta complementariedad",2512.2419301283526,39
1,2431,Profesionales de la publicidad y la comercialización,"Alto potencial de automatización, baja complementariedad",2393.9981025829907,45
1,3341,Supervisores de oficina,"Alto potencial de automatización, alta complementariedad",2375.875999235564,21
1,7421,Ajustadores e instaladores en electrónica,"Alto potencial de automatización, alta complementariedad",2349.0206115360684,29
1,3118,Delineantes y dibujantes técnicos,"Alto potencial de automatización, baja complementariedad",2242.5873483094692,32
1,2354,Otros profesores de música,"Alto potencial de automatización, alta complementariedad",2237.10253366143,27
1,3113,Electrotécnicos,"Alto potencial de automatización, alta complementariedad",2207.418507607131,49
1,2659,Artistas creativos e interpretativos no clasificados en otros grupos primarios,"Alto potencial de automatización, alta complementariedad",1968.169073978321,33
1,4214,Cobradores y afines,"Alto potencial de automatización, baja complementariedad",1855.4320626174094,26
1,3521,Técnicos de radiodifusión y grabación audio visual,"Alto potencial de automatización, alta complementariedad",1848.5339614023826,26
1,8331,"Conductores de buses, microbuses y tranvías","Alto potencial de automatización, alta complementariedad",1746.2843944144981,38
1,3334,Agentes inmobiliarios,"Alto potencial de automatización, alta complementariedad",1715.871282449332,33
1,2353,Otros profesores de idiomas,"Alto potencial de automatización, alta complementariedad",1663.0162566348595,29
1,1411,Gerentes de hoteles,"Alto potencial de automatización, alta complementariedad",1659.2571416780709,19
1,7127,Mecánicos montadores de aire acondicionado y refrigeración,"Alto potencial de automatización, alta complementariedad",1612.511774665008,28
1,2330,Profesores de educación secundaria,"Alto potencial de automatización, alta complementariedad",1527.2090616638511,27
1,1321,Directores de industrias manufactureras,"Alto potencial de automatización, alta complementariedad",1316.8579410078453,20
1,2263,Profesionales de la salud y la higiene laboral y ambiental,"Alto potencial de automatización, alta complementariedad",1274.8383608646354,9
1,1431,"Gerentes de centros deportivos, de esparcimiento y culturales","Alto potencial de automatización, alta complementariedad",1262.3903521319114,20
1,7311,Mecánicos y reparadores de instrumentos de precisión,"Alto potencial de automatización, baja complementariedad",1211.8678824749484,24
1,2342,Profesores de primera infancia,"Alto potencial de automatización, alta complementariedad",1206.3450988627492,23
1,4222,Empleados de centros de llamadas,"Alto potencial de automatización, baja complementariedad",1171.7746548924395,18
1,4323,Empleados de servicios de transporte,"Alto potencial de automatización, alta complementariedad",1117.629393253236,14
1,2355,Otros profesores de artes,"Alto potencial de automatización, baja complementariedad",1115.3583660243532,25
1,2636,Profesionales religiosos,"Alto potencial de automatización, alta complementariedad",1106.7974125608223,18
1,2264,Fisioterapeutas,"Alto potencial de automatización, alta complementariedad",1096.2910947428943,14
1,5113,Guías,"Alto potencial de automatización, alta complementariedad",1081.307852755895,20
1,2132,"Agrónomos, silvicultores, zootecnistas y afines","Alto potencial de automatización, alta complementariedad",1054.3939429018574,8
1,3230,Técnicos y profesionales del nivel medio en medicina tradicional y alternativa,"Alto potencial de automatización, alta complementariedad",972.1736593872652,12
1,5169,Otros trabajadores de servicios personales no clasificados en otros grupos primarios,"Alto potencial de automatización, alta complementariedad",939.1675579051112,16
1,3112,Técnicos en ingeniería civil,"Alto potencial de automatización, alta complementariedad",938.3175777936356,12
1,4221,Empleados y consultores de viajes,"Alto potencial de automatización, alta complementariedad",914.0607640504159,12
1,2654,"Directores y productores de cine, de teatro y afines","Alto potencial de automatización, alta complementariedad",902.286962745018,4
1,1324,"Directores de empresas de abastecimiento, distribución y afines","Alto potencial de automatización, alta complementariedad",877.5823073889378,4
1,3413,Auxiliares laicos de las religiones,"Alto potencial de automatización, alta complementariedad",838.5941287976101,6
1,3151,Oficiales maquinistas en navegación,"Alto potencial de automatización, alta complementariedad",838.5692398269726,6
1,5419,Personal de los servicios de protección no clasificados en otros grupos primarios,"Alto potencial de automatización, alta complementariedad",833.8693556945597,8
1,4211,Cajeros de bancos y afines,"Alto potencial de automatización, baja complementariedad",829.8337696234149,16
1,2221,Profesionales de enfermería,"Alto potencial de automatización, alta complementariedad",819.9893978575411,8
1,4415,Empleados de archivos,"Alto potencial de automatización, baja complementariedad",804.8678300922272,14
1,4213,Prestamistas,"Alto potencial de automatización, baja complementariedad",799.3109763241603,14
1,4229,Otros empleados de servicios de información al cliente no clasificados en otros grupos primarios,"Alto potencial de automatización, baja complementariedad",793.193098338262,11
1,3513,Técnicos en redes y sistemas de computación,"Alto potencial de automatización, alta complementariedad",785.8189311479478,9
1,2250,Veterinarios,"Alto potencial de automatización, alta complementariedad",761.1808279535175,14
1,2142,Ingenieros civiles,"Alto potencial de automatización, alta complementariedad",752.7756120652675,15
1,3139,Técnicos en control de procesos no clasificados en otros grupos primarios,"Alto potencial de automatización, baja complementariedad",750.6933092562122,6
1,4226,Recepcionistas generales,"Alto potencial de automatización, baja complementariedad",740.473357982849,17
1,2512,Desarrolladores de software,"Alto potencial de automatización, baja complementariedad",694.5851796104856,7
1,1212,Directores de recursos humanos,"Alto potencial de automatización, alta complementariedad",688.8492272313489,15
1,2320,Profesores de formación profesional,"Alto potencial de automatización, alta complementariedad",682.0232675015938,18
1,3511,Técnicos en operaciones de tecnología de la información y las comunicaciones,"Alto potencial de automatización, baja complementariedad",674.0174015091477,10
1,4227,Entrevistadores de encuestas y de investigaciones de mercados,"Alto potencial de automatización, alta complementariedad",644.8530050458827,6
1,2656,"Locutores de radio, televisión y otros medios de comunicación","Alto potencial de automatización, alta complementariedad",643.4345005453441,14
1,2262,Farmacéuticos,"Alto potencial de automatización, alta complementariedad",639.344081545707,2
1,2163,Diseñadores de productos y de prendas,"Alto potencial de automatización, baja complementariedad",633.3913919054002,15
1,3522,Técnicos de ingeniería de las telecomunicaciones,"Alto potencial de automatización, alta complementariedad",618.8816405462683,7
1,3323,Agentes de compras,"Alto potencial de automatización, alta complementariedad",606.4569761076307,3
1,3343,Secretarios administrativos y ejecutivos,"Alto potencial de automatización, baja complementariedad",584.4239906608319,10
1,3214,Técnicos de prótesis médicas y dentales,"Alto potencial de automatización, alta complementariedad",574.6627394862815,8
1,3115,Técnicos en ingeniería mecánica,"Alto potencial de automatización, alta complementariedad",565.6768016860967,12
1,2642,Periodistas,"Alto potencial de automatización, alta complementariedad",509.2752460515272,10
1,3142,Técnicos agropecuarios,"Alto potencial de automatización, alta complementariedad",507.13343288358385,7
1,4225,Empleados de ventanillas de información,"Alto potencial de automatización, baja complementariedad",496.96433980577086,10
1,3434,Chefs,"Alto potencial de automatización, alta complementariedad",490.77704247339284,7
1,3512,Técnicos en asistencia y soporte al usuario de tecnología de la información y las comunicaciones,"Alto potencial de automatización, alta complementariedad",488.6051049511851,14
1,3213,Técnicos y asistentes farmacéuticos,"Alto potencial de automatización, baja complementariedad",448.88907283638537,5
1,7321,Preimpresores y afines,"Alto potencial de automatización, baja complementariedad",388.5675704056821,11
1,3255,Técnicos y asistentes terapeutas,"Alto potencial de automatización, alta complementariedad",386.6610392805979,4
1,2351,Especialistas en métodos pedagógicos,"Alto potencial de automatización, alta complementariedad",376.2740057872072,16
1,2261,Odontólogos,"Alto potencial de automatización, alta complementariedad",375.35926377138503,11
1,2310,Profesores de instituciones de educación superior,"Alto potencial de automatización, alta complementariedad",367.1730104506457,18
1,2144,Ingenieros mecánicos,"Alto potencial de automatización, alta complementariedad",365.0396295159362,2
1,2161,Arquitectos constructores,"Alto potencial de automatización, alta complementariedad",358.3023907147168,5
1,2211,Médicos generales,"Alto potencial de automatización, alta complementariedad",357.62679276354,4
1,2113,Químicos,"Alto potencial de automatización, alta complementariedad",355.9063276806739,4
1,5242,"Demostradores de tiendas, almacenes y afines","Alto potencial de automatización, baja complementariedad",353.0041688838045,11
1,1219,Directores de administración y servicios no clasificados en otros grupos primarios,"Alto potencial de automatización, alta complementariedad",352.32847258884493,4
1,3315,Tasadores y evaluadores,"Alto potencial de automatización, baja complementariedad",347.9845001022688,3
1,1111,Directores formuladores de políticas y normas,"Alto potencial de automatización, alta complementariedad",345.507942799703,10
1,4419,Otro personal de apoyo administrativo no clasificados en otros grupos primarios,"Alto potencial de automatización, baja complementariedad",320.7849408576823,6
1,1345,Directores de servicios de educación,"Alto potencial de automatización, alta complementariedad",320.5539184940485,3
1,3114,Técnicos en electrónica,"Alto potencial de automatización, alta complementariedad",319.81533504090385,10
1,7232,Mecánicos y reparadores de sistemas y motores de aeronaves,"Alto potencial de automatización, alta complementariedad",306.92442797449155,3
1,3257,"Inspectores de seguridad, salud ocupacional, medioambiental y afines","Alto potencial de automatización, alta complementariedad",306.1571065765986,8
1,2643,"Traductores, intérpretes y otros lingüistas","Alto potencial de automatización, alta complementariedad",295.0729409231289,6
1,2631,Economistas,"Alto potencial de automatización, baja complementariedad",276.4997391367433,2
1,3313,Técnicos de contabilidad y afines,"Alto potencial de automatización, baja complementariedad",263.6201555933655,6
1,3122,Supervisores de industrias manufactureras,"Alto potencial de automatización, alta complementariedad",262.11692755645663,4
1,1322,Directores de explotaciones de minería,"Alto potencial de automatización, alta complementariedad",252.66981586313966,1
1,2511,Analistas de sistemas,"Alto potencial de automatización, alta complementariedad",247.6710021454046,14
1,2212,Médicos especialistas,"Alto potencial de automatización, alta complementariedad",245.8621196665573,2
1,2641,Autores y otros escritores,"Alto potencial de automatización, baja complementariedad",243.85216660427017,7
1,3311,"Agentes de bolsa, cambio y otros servicios financieros","Alto potencial de automatización, alta complementariedad",243.08307138933282,4
1,5161,"Astrólogos, adivinos y trabajadores afines","Alto potencial de automatización, alta complementariedad",234.41745696427617,4
1,1221,Directores de ventas y comercialización,"Alto potencial de automatización, alta complementariedad",230.58229444363383,4
1,7312,Fabricantes y afinadores de instrumentos musicales,"Alto potencial de automatización, alta complementariedad",227.77015532678524,5
1,2421,Analistas de gestión y organización,"Alto potencial de automatización, alta complementariedad",221.20389758186576,3
1,5222,Supervisores de tiendas y almacenes,"Alto potencial de automatización, alta complementariedad",220.33877817916144,6
1,2151,Ingenieros electricistas,"Alto potencial de automatización, alta complementariedad",212.84078816889647,4
1,2635,Profesionales del trabajo social y consejeros,"Alto potencial de automatización, alta complementariedad",185.29018456401855,4
1,3133,Controladores de instalaciones de procesamiento de productos químicos,"Alto potencial de automatización, alta complementariedad",181.71730731020216,4
1,3344,Secretarios médicos,"Alto potencial de automatización, baja complementariedad",179.0764177591392,3
1,3339,Agentes de servicios comerciales no clasificados en otros grupos primarios,"Alto potencial de automatización, alta complementariedad",144.4976125796211,7
1,2267,Optómetras,"Alto potencial de automatización, alta complementariedad",143.80327556843082,2
1,3251,Higienistas y asistentes odontologícos,"Alto potencial de automatización, alta complementariedad",136.53435508465296,5
1,1112,Directores del gobierno,"Alto potencial de automatización, alta complementariedad",135.4596593896401,1
1,3152,"Capitanes, oficiales de cubierta y prácticos","Alto potencial de automatización, alta complementariedad",130.54713439402244,3
1,3253,Trabajadores comunitarios de la salud,"Alto potencial de automatización, alta complementariedad",123.63300204634913,2
1,2655,Actores,"Alto potencial de automatización, alta complementariedad",122.83557292878078,2
1,2141,Ingenieros industriales y de producción,"Alto potencial de automatización, alta complementariedad",120.89286102969713,2
1,3131,Operadores de plantas de producción de energía,"Alto potencial de automatización, alta complementariedad",110.51090819998903,1
1,3412,Trabajadores y asistentes sociales,"Alto potencial de automatización, alta complementariedad",106.79344249046048,2
1,3514,Técnicos de la Web,"Alto potencial de automatización, baja complementariedad",102.53114813691037,2
1,3411,"Técnicos y profesionales del nivel medio del derecho, de servicios legales y afines","Alto potencial de automatización, baja complementariedad",97.59942372459773,2
1,3141,Técnicos en ciencias biológicas (excluyendo la medicina),"Alto potencial de automatización, alta complementariedad",91.97968936091439,2
1,7543,Clasificadores y probadores de productos (excluyendo alimentos y bebidas),"Alto potencial de automatización, alta complementariedad",91.07971671424357,3
1,2412,Asesores financieros y de inversiones,"Alto potencial de automatización, baja complementariedad",85.29858050004131,4
1,1120,Directores y gerentes generales,"Alto potencial de automatización, alta complementariedad",80.1665673304442,5
1,3359,Agentes de gobierno y profesionales del nivel medio para la aplicación de regulaciones no clasificados en otros grupos primarios,"Alto potencial de automatización, alta complementariedad",79.5597023672163,2
1,3119,Técnicos en ciencias físicas y en ingeniería no clasificados en otros grupos primarios,"Alto potencial de automatización, alta complementariedad",79.03477416600464,3
1,5111,Personal de servicio a pasajeros,"Alto potencial de automatización, alta complementariedad",76.04480666513196,1
1,2165,Cartógrafos y topógrafos,"Alto potencial de automatización, alta complementariedad",63.802513822293875,5
1,3222,Técnicos y profesionales del nivel medio en partería,"Alto potencial de automatización, alta complementariedad",59.690546682381644,1
1,3321,Agentes de seguros,"Alto potencial de automatización, alta complementariedad",58.083499346214154,5
1,2352,Profesores de educación especial e inclusiva,"Alto potencial de automatización, alta complementariedad",55.42716911091485,1
1,4416,Empleados del servicio de personal,"Alto potencial de automatización, baja complementariedad",51.966778276648945,3
1,2513,Desarrolladores web y multimedia,"Alto potencial de automatización, baja complementariedad",50.17723908079192,3
1,2621,Archivistas y curadores de arte,"Alto potencial de automatización, alta complementariedad",45.150281612217285,2
1,4223,Telefonistas,"Alto potencial de automatización, baja complementariedad",45.088038145602084,4
1,2269,Otros profesionales de la salud no clasificados en otros grupos primarios,"Alto potencial de automatización, alta complementariedad",44.02371225330729,4
1,5165,Instructores de conducción,"Alto potencial de automatización, alta complementariedad",43.709123520351454,1
1,3111,Técnicos en ciencias físicas y químicas,"Alto potencial de automatización, alta complementariedad",39.85557643276199,1
1,2149,Ingenieros no clasificados en otros grupos primarios,"Alto potencial de automatización, alta complementariedad",37.99771685002302,1
1,2152,Ingenieros electrónicos,"Alto potencial de automatización, baja complementariedad",33.837943746662674,3
1,2266,Fonoaudiólogos y terapeutas del lenguaje,"Alto potencial de automatización, alta complementariedad",33.82945918144209,3
1,2143,Ingenieros medioambientales,"Alto potencial de automatización, alta complementariedad",32.10572947836461,4
1,2133,Profesionales de la protección medioambiental,"Alto potencial de automatización, alta complementariedad",27.748379437429985,1
1,2422,Profesionales en políticas de administración,"Alto potencial de automatización, baja complementariedad",23.959814042151848,2
1,8132,Operadores de máquinas para fabricar productos fotográficos,"Alto potencial de automatización, baja complementariedad",20.73239357048576,1
1,1211,Directores financieros,"Alto potencial de automatización, alta complementariedad",18.25656980481566,1
1,2230,Profesionales de medicina tradicional y alternativa,"Alto potencial de automatización, alta complementariedad",17.62563153764242,2
1,2514,Programadores de aplicaciones,"Alto potencial de automatización, baja complementariedad",16.27014443157522,1
1,1323,Directores de empresas de construcción,"Alto potencial de automatización, alta complementariedad",14.03839422584157,1
1,2529,Profesionales en bases de datos y en redes de computadores no clasificados en otros grupos primarios,"Alto potencial de automatización, baja complementariedad",13.187356287951728,1
1,2633,"Filósofos, historiadores y especialistas en ciencias políticas","Alto potencial de automatización, alta complementariedad",12.642476553020641,1
1,1222,Directores de publicidad y relaciones públicas,"Alto potencial de automatización, alta complementariedad",10.572431036381913,1
1,3353,Agentes de servicios de seguridad social,"Alto potencial de automatización, baja complementariedad",10.381762496657863,1
1,2521,Diseñadores y administradores de bases de datos,"Alto potencial de automatización, baja complementariedad",9.580472252514864,1
1,3212,Técnicos de laboratorios médicos,"Alto potencial de automatización, baja complementariedad",8.56013221830685,1
1,2432,Profesionales de relaciones públicas,"Alto potencial de automatización, alta complementariedad",8.168150366460496,1
1,1344,Directores  de servicios de bienestar social,"Alto potencial de automatización, alta complementariedad",7.990518592639945,1
1,3117,Técnicos de minas y metalurgia,"Alto potencial de automatización, alta complementariedad",7.258100552927183,1
1,3258,Técnicos en atención prehospitalaria,"Alto potencial de automatización, alta complementariedad",7.136780679204964,1
1,3312,Analistas de préstamos y créditos,"Alto potencial de automatización, alta complementariedad",4.269442449291983,1
1,3116,Técnicos en química industrial,"Alto potencial de automatización, alta complementariedad",3.814836358111394,1
2,5223,"Vendedores y auxiliares de venta en tiendas, almacenes y afines","Alto potencial de automatización, baja complementariedad",325836.987082599,5888
2,5221,Comerciantes de tiendas,"Alto potencial de automatización, alta complementariedad",75772.93818531206,1434
2,5212,Vendedores ambulantes de alimentos preparados para consumo inmediato,"Alto potencial de automatización, baja complementariedad",72751.98518374632,1478
2,5141,Peluqueros,"Alto potencial de automatización, alta complementariedad",70806.86384161415,1294
2,9520,Vendedores ambulantes (excluyendo comidas de preparación inmediata),"Alto potencial de automatización, baja complementariedad",66238.256684103,1189
2,1420,Gerentes de comercios al por mayor y al por menor,"Alto potencial de automatización, alta complementariedad",64044.04951570507,1161
2,5142,Especialistas en tratamientos de belleza y afines,"Alto potencial de automatización, baja complementariedad",63648.35101150975,1220
2,8332,Conductores de camiones y vehículos pesados,"Alto potencial de automatización, alta complementariedad",40867.58105976729,618
2,5211,Vendedores en quioscos y puestos de mercado,"Alto potencial de automatización, baja complementariedad",38186.49656581983,818
2,5311,Cuidadores de niños,"Alto potencial de automatización, alta complementariedad",33397.799780603134,559
2,3123,Supervisores de la construcción,"Alto potencial de automatización, alta complementariedad",33315.08649285236,541
2,5414,Guardias de seguridad,"Alto potencial de automatización, alta complementariedad",32737.31445427829,698
2,7531,"Sastres, modistos, peleteros y sombrereros","Alto potencial de automatización, baja complementariedad",31423.656359099547,684
2,5230,"Cajeros de comercio, taquilleros y expendedores de boletas","Alto potencial de automatización, baja complementariedad",30347.21210188089,508
2,1311,Directores de producción agropecuaria y silvicultura,"Alto potencial de automatización, alta complementariedad",26169.84515457904,478
2,7512,"Panaderos, pasteleros y confiteros","Alto potencial de automatización, baja complementariedad",25315.451696559372,441
2,5322,Trabajadores de los cuidados personales a domicilio,"Alto potencial de automatización, alta complementariedad",24243.872624240954,413
2,3322,Representantes comerciales,"Alto potencial de automatización, alta complementariedad",23358.603124482128,517
2,7111,Constructores de casas,"Alto potencial de automatización, alta complementariedad",23325.815003301414,374
2,1412,Gerentes de restaurantes,"Alto potencial de automatización, alta complementariedad",20906.593090760256,387
2,5243,Vendedores puerta a puerta,"Alto potencial de automatización, baja complementariedad",18592.77498502027,271
2,5244,Vendedores a través de medios tecnológicos,"Alto potencial de automatización, baja complementariedad",18207.529986660596,255
2,4110,Oficinistas generales,"Alto potencial de automatización, baja complementariedad",13008.727261516273,279
2,3422,"Entrenadores, instructores y árbitros de actividades deportivas","Alto potencial de automatización, alta complementariedad",12664.842044614932,225
2,8331,"Conductores de buses, microbuses y tranvías","Alto potencial de automatización, alta complementariedad",11042.081277205856,210
2,2166,Diseñadores gráficos y multimedia,"Alto potencial de automatización, baja complementariedad",10577.323624254226,155
2,4222,Empleados de centros de llamadas,"Alto potencial de automatización, baja complementariedad",8784.48883403113,133
2,2359,Otros profesionales de la educación no clasificados en otros grupos primarios,"Alto potencial de automatización, alta complementariedad",8694.833908422856,200
2,4120,Secretarios generales,"Alto potencial de automatización, baja complementariedad",7880.29167338681,165
2,2411,Contadores,"Alto potencial de automatización, baja complementariedad",7297.504048043747,127
2,4311,Auxiliares de contabilidad y cálculo de costos,"Alto potencial de automatización, baja complementariedad",6957.014241005697,179
2,4214,Cobradores y afines,"Alto potencial de automatización, baja complementariedad",6753.352587228244,127
2,2652,"Compositores, músicos y cantantes","Alto potencial de automatización, alta complementariedad",6383.185890512037,130
2,5112,Revisores y cobradores de los transportes públicos,"Alto potencial de automatización, alta complementariedad",5995.874597088764,75
2,2342,Profesores de primera infancia,"Alto potencial de automatización, alta complementariedad",5993.488624308826,126
2,2611,Abogados,"Alto potencial de automatización, alta complementariedad",5595.923247111914,138
2,2431,Profesionales de la publicidad y la comercialización,"Alto potencial de automatización, baja complementariedad",5467.13959470926,94
2,1439,Otros gerentes de servicios no clasificados en otros grupos primarios,"Alto potencial de automatización, alta complementariedad",5225.016202620981,109
2,4226,Recepcionistas generales,"Alto potencial de automatización, baja complementariedad",4873.53221104551,73
2,4212,Receptores de apuestas y afines,"Alto potencial de automatización, baja complementariedad",4839.336898859957,81
2,3334,Agentes inmobiliarios,"Alto potencial de automatización, alta complementariedad",4818.04728153789,87
2,9629,Otras ocupaciones elementales no clasificadas en otros grupos primarios,"Alto potencial de automatización, baja complementariedad",4662.429996438481,94
2,3431,Fotógrafos,"Alto potencial de automatización, alta complementariedad",4645.27189233054,72
2,2341,Profesores de educación primaria,"Alto potencial de automatización, alta complementariedad",4499.585515016429,124
2,5249,Otros vendedores no clasificados en otros grupos primarios,"Alto potencial de automatización, baja complementariedad",4462.856815878703,92
2,4224,Recepcionistas de hoteles,"Alto potencial de automatización, alta complementariedad",4254.808297717874,101
2,2330,Profesores de educación secundaria,"Alto potencial de automatización, alta complementariedad",4241.870495420616,71
2,5312,Auxiliares de maestros,"Alto potencial de automatización, alta complementariedad",4148.120058891848,63
2,7234,Reparadores de bicicletas y afines,"Alto potencial de automatización, alta complementariedad",4094.3573922398105,51
2,3341,Supervisores de oficina,"Alto potencial de automatización, alta complementariedad",4002.8132549200454,60
2,3113,Electrotécnicos,"Alto potencial de automatización, alta complementariedad",3957.7002346703257,89
2,2634,Psicólogos,"Alto potencial de automatización, alta complementariedad",3794.3303640907293,76
2,3435,Otros técnicos y profesionales del nivel medio en actividades culturales y artísticas,"Alto potencial de automatización, baja complementariedad",3594.095283938319,64
2,7127,Mecánicos montadores de aire acondicionado y refrigeración,"Alto potencial de automatización, alta complementariedad",3256.7878436390724,77
2,2636,Profesionales religiosos,"Alto potencial de automatización, alta complementariedad",3251.5110184765535,49
2,3115,Técnicos en ingeniería mecánica,"Alto potencial de automatización, alta complementariedad",3154.728733867757,35
2,3324,Agentes de operaciones comerciales y consignatarios,"Alto potencial de automatización, alta complementariedad",3153.162911709443,44
2,3423,Instructores de educación física y actividades recreativas,"Alto potencial de automatización, alta complementariedad",3148.896207795097,84
2,4414,Escribientes públicos y afines,"Alto potencial de automatización, alta complementariedad",3132.9698207898,64
2,1321,Directores de industrias manufactureras,"Alto potencial de automatización, alta complementariedad",3106.228725268213,64
2,3118,Delineantes y dibujantes técnicos,"Alto potencial de automatización, baja complementariedad",3028.847962309003,66
2,4132,Grabadores de datos,"Alto potencial de automatización, baja complementariedad",2989.2430849172733,67
2,2264,Fisioterapeutas,"Alto potencial de automatización, alta complementariedad",2909.863989078748,48
2,2354,Otros profesores de música,"Alto potencial de automatización, alta complementariedad",2900.887231154117,28
2,3332,Organizadores de conferencias y eventos,"Alto potencial de automatización, alta complementariedad",2900.7621334577716,54
2,1431,"Gerentes de centros deportivos, de esparcimiento y culturales","Alto potencial de automatización, alta complementariedad",2819.7830975856505,47
2,1411,Gerentes de hoteles,"Alto potencial de automatización, alta complementariedad",2766.4509322224467,33
2,3521,Técnicos de radiodifusión y grabación audio visual,"Alto potencial de automatización, alta complementariedad",2694.7615118811054,47
2,3343,Secretarios administrativos y ejecutivos,"Alto potencial de automatización, baja complementariedad",2604.5357416202614,56
2,7421,Ajustadores e instaladores en electrónica,"Alto potencial de automatización, alta complementariedad",2543.203648034741,38
2,4213,Prestamistas,"Alto potencial de automatización, baja complementariedad",2289.570282104832,52
2,4211,Cajeros de bancos y afines,"Alto potencial de automatización, baja complementariedad",2105.445624509008,33
2,4323,Empleados de servicios de transporte,"Alto potencial de automatización, alta complementariedad",2099.566524395348,27
2,2250,Veterinarios,"Alto potencial de automatización, alta complementariedad",2079.4139703532514,28
2,5113,Guías,"Alto potencial de automatización, alta complementariedad",2074.8071843914904,48
2,3432,Diseñadores y decoradores de interiores,"Alto potencial de automatización, alta complementariedad",2035.6017639966421,44
2,5169,Otros trabajadores de servicios personales no clasificados en otros grupos primarios,"Alto potencial de automatización, alta complementariedad",1987.4748814310183,35
2,4229,Otros empleados de servicios de información al cliente no clasificados en otros grupos primarios,"Alto potencial de automatización, baja complementariedad",1985.7408575303343,28
2,4225,Empleados de ventanillas de información,"Alto potencial de automatización, baja complementariedad",1913.5458685489255,46
2,2511,Analistas de sistemas,"Alto potencial de automatización, alta complementariedad",1886.214224962026,32
2,4415,Empleados de archivos,"Alto potencial de automatización, baja complementariedad",1832.3825685264355,40
2,2355,Otros profesores de artes,"Alto potencial de automatización, baja complementariedad",1809.2156574351047,36
2,2659,Artistas creativos e interpretativos no clasificados en otros grupos primarios,"Alto potencial de automatización, alta complementariedad",1766.2474233767423,35
2,7311,Mecánicos y reparadores de instrumentos de precisión,"Alto potencial de automatización, baja complementariedad",1689.00821925387,22
2,2353,Otros profesores de idiomas,"Alto potencial de automatización, alta complementariedad",1636.4215163584488,36
2,3339,Agentes de servicios comerciales no clasificados en otros grupos primarios,"Alto potencial de automatización, alta complementariedad",1623.395924577564,26
2,3344,Secretarios médicos,"Alto potencial de automatización, baja complementariedad",1616.7243940515589,30
2,3511,Técnicos en operaciones de tecnología de la información y las comunicaciones,"Alto potencial de automatización, baja complementariedad",1599.7959957809799,25
2,3522,Técnicos de ingeniería de las telecomunicaciones,"Alto potencial de automatización, alta complementariedad",1575.861809589381,23
2,3512,Técnicos en asistencia y soporte al usuario de tecnología de la información y las comunicaciones,"Alto potencial de automatización, alta complementariedad",1564.19743995712,39
2,3122,Supervisores de industrias manufactureras,"Alto potencial de automatización, alta complementariedad",1542.3329330121642,23
2,3434,Chefs,"Alto potencial de automatización, alta complementariedad",1526.6414854646512,36
2,3214,Técnicos de prótesis médicas y dentales,"Alto potencial de automatización, alta complementariedad",1506.786315254359,18
2,7321,Preimpresores y afines,"Alto potencial de automatización, baja complementariedad",1495.2953071307122,17
2,4223,Telefonistas,"Alto potencial de automatización, baja complementariedad",1433.764906966635,12
2,3321,Agentes de seguros,"Alto potencial de automatización, alta complementariedad",1400.664402759704,19
2,2512,Desarrolladores de software,"Alto potencial de automatización, baja complementariedad",1294.869699398372,23
2,2310,Profesores de instituciones de educación superior,"Alto potencial de automatización, alta complementariedad",1240.8532286646641,24
2,4227,Entrevistadores de encuestas y de investigaciones de mercados,"Alto potencial de automatización, alta complementariedad",1224.6249535856255,9
2,4221,Empleados y consultores de viajes,"Alto potencial de automatización, alta complementariedad",1202.083040766061,28
2,1120,Directores y gerentes generales,"Alto potencial de automatización, alta complementariedad",1201.5994507100215,18
2,3213,Técnicos y asistentes farmacéuticos,"Alto potencial de automatización, baja complementariedad",1199.528911901822,35
2,2513,Desarrolladores web y multimedia,"Alto potencial de automatización, baja complementariedad",1179.711760100684,10
2,3114,Técnicos en electrónica,"Alto potencial de automatización, alta complementariedad",1169.626134043443,28
2,1212,Directores de recursos humanos,"Alto potencial de automatización, alta complementariedad",1130.7209544439318,16
2,3112,Técnicos en ingeniería civil,"Alto potencial de automatización, alta complementariedad",1110.301961921529,17
2,2320,Profesores de formación profesional,"Alto potencial de automatización, alta complementariedad",1106.0073999957062,26
2,2163,Diseñadores de productos y de prendas,"Alto potencial de automatización, baja complementariedad",1097.0274294724538,28
2,1111,Directores formuladores de políticas y normas,"Alto potencial de automatización, alta complementariedad",1067.9161251305081,18
2,2351,Especialistas en métodos pedagógicos,"Alto potencial de automatización, alta complementariedad",1063.4198032201102,29
2,2635,Profesionales del trabajo social y consejeros,"Alto potencial de automatización, alta complementariedad",1018.9359069709129,21
2,2161,Arquitectos constructores,"Alto potencial de automatización, alta complementariedad",1000.0147747558457,30
2,3151,Oficiales maquinistas en navegación,"Alto potencial de automatización, alta complementariedad",944.0107958856142,9
2,5419,Personal de los servicios de protección no clasificados en otros grupos primarios,"Alto potencial de automatización, alta complementariedad",933.5385805833379,6
2,2261,Odontólogos,"Alto potencial de automatización, alta complementariedad",879.7044108478884,21
2,3257,"Inspectores de seguridad, salud ocupacional, medioambiental y afines","Alto potencial de automatización, alta complementariedad",773.0731768431372,13
2,7232,Mecánicos y reparadores de sistemas y motores de aeronaves,"Alto potencial de automatización, alta complementariedad",757.6799565975239,7
2,2654,"Directores y productores de cine, de teatro y afines","Alto potencial de automatización, alta complementariedad",728.8169536174981,9
2,5242,"Demostradores de tiendas, almacenes y afines","Alto potencial de automatización, baja complementariedad",725.5069865659887,22
2,2269,Otros profesionales de la salud no clasificados en otros grupos primarios,"Alto potencial de automatización, alta complementariedad",714.9254448224758,14
2,3412,Trabajadores y asistentes sociales,"Alto potencial de automatización, alta complementariedad",707.5640207770701,13
2,1324,"Directores de empresas de abastecimiento, distribución y afines","Alto potencial de automatización, alta complementariedad",692.2324346705071,14
2,2133,Profesionales de la protección medioambiental,"Alto potencial de automatización, alta complementariedad",686.4627030699784,5
2,2132,"Agrónomos, silvicultores, zootecnistas y afines","Alto potencial de automatización, alta complementariedad",676.4299941588567,14
2,3313,Técnicos de contabilidad y afines,"Alto potencial de automatización, baja complementariedad",672.3989750327146,8
2,3251,Higienistas y asistentes odontologícos,"Alto potencial de automatización, alta complementariedad",661.5350396426196,14
2,3311,"Agentes de bolsa, cambio y otros servicios financieros","Alto potencial de automatización, alta complementariedad",653.67730027477,6
2,2656,"Locutores de radio, televisión y otros medios de comunicación","Alto potencial de automatización, alta complementariedad",636.2949197914605,16
2,2632,"Sociólogos, antropólogos y afines","Alto potencial de automatización, alta complementariedad",631.5851532612947,2
2,3331,Declarantes o gestores de aduana,"Alto potencial de automatización, baja complementariedad",626.0086927276722,3
2,4416,Empleados del servicio de personal,"Alto potencial de automatización, baja complementariedad",615.9739929508266,9
2,3230,Técnicos y profesionales del nivel medio en medicina tradicional y alternativa,"Alto potencial de automatización, alta complementariedad",610.1961425329098,10
2,3142,Técnicos agropecuarios,"Alto potencial de automatización, alta complementariedad",610.0379926528934,10
2,3359,Agentes de gobierno y profesionales del nivel medio para la aplicación de regulaciones no clasificados en otros grupos primarios,"Alto potencial de automatización, alta complementariedad",588.9576652016846,10
2,2642,Periodistas,"Alto potencial de automatización, alta complementariedad",551.035769536373,10
2,3513,Técnicos en redes y sistemas de computación,"Alto potencial de automatización, alta complementariedad",516.0165212121765,11
2,1345,Directores de servicios de educación,"Alto potencial de automatización, alta complementariedad",514.3687068729614,8
2,7543,Clasificadores y probadores de productos (excluyendo alimentos y bebidas),"Alto potencial de automatización, alta complementariedad",502.38245707393685,12
2,2265,Dietistas y nutricionistas,"Alto potencial de automatización, alta complementariedad",494.10727705553774,4
2,5161,"Astrólogos, adivinos y trabajadores afines","Alto potencial de automatización, alta complementariedad",491.26029981803066,9
2,2144,Ingenieros mecánicos,"Alto potencial de automatización, alta complementariedad",484.48907002281413,7
2,2643,"Traductores, intérpretes y otros lingüistas","Alto potencial de automatización, alta complementariedad",475.4399719860403,9
2,3411,"Técnicos y profesionales del nivel medio del derecho, de servicios legales y afines","Alto potencial de automatización, baja complementariedad",448.06125783913296,11
2,2412,Asesores financieros y de inversiones,"Alto potencial de automatización, baja complementariedad",439.89364640784623,17
2,2263,Profesionales de la salud y la higiene laboral y ambiental,"Alto potencial de automatización, alta complementariedad",431.3644321541441,13
2,1219,Directores de administración y servicios no clasificados en otros grupos primarios,"Alto potencial de automatización, alta complementariedad",431.01901729522376,4
2,2165,Cartógrafos y topógrafos,"Alto potencial de automatización, alta complementariedad",425.97023241923125,9
2,4419,Otro personal de apoyo administrativo no clasificados en otros grupos primarios,"Alto potencial de automatización, baja complementariedad",403.82020390108613,8
2,1223,Directores de investigación y desarrollo,"Alto potencial de automatización, alta complementariedad",401.9747544043471,1
2,2145,Ingenieros químicos,"Alto potencial de automatización, alta complementariedad",399.5580198522558,3
2,2211,Médicos generales,"Alto potencial de automatización, alta complementariedad",399.3107154905132,6
2,3121,Supervisores de minas,"Alto potencial de automatización, alta complementariedad",372.0749989059596,3
2,2142,Ingenieros civiles,"Alto potencial de automatización, alta complementariedad",371.0123598753355,23
2,3212,Técnicos de laboratorios médicos,"Alto potencial de automatización, baja complementariedad",366.930220198436,11
2,2631,Economistas,"Alto potencial de automatización, baja complementariedad",364.04475362427036,4
2,1346,"Gerentes de sucursales de bancos, de servicios financieros y de seguros","Alto potencial de automatización, alta complementariedad",357.35085411538836,7
2,3139,Técnicos en control de procesos no clasificados en otros grupos primarios,"Alto potencial de automatización, baja complementariedad",353.71157681340105,9
2,5165,Instructores de conducción,"Alto potencial de automatización, alta complementariedad",339.9934435008809,14
2,2141,Ingenieros industriales y de producción,"Alto potencial de automatización, alta complementariedad",336.6660661270562,4
2,3116,Técnicos en química industrial,"Alto potencial de automatización, alta complementariedad",331.2007695439036,1
2,3355,Inspectores de policía y detectives,"Alto potencial de automatización, alta complementariedad",322.57979996851327,5
2,2143,Ingenieros medioambientales,"Alto potencial de automatización, alta complementariedad",307.8481159961737,9
2,5222,Supervisores de tiendas y almacenes,"Alto potencial de automatización, alta complementariedad",305.63807244988254,6
2,2221,Profesionales de enfermería,"Alto potencial de automatización, alta complementariedad",299.0476433023486,13
2,3342,Secretarios jurídicos,"Alto potencial de automatización, baja complementariedad",271.5488243424131,7
2,2621,Archivistas y curadores de arte,"Alto potencial de automatización, alta complementariedad",248.61011292263797,1
2,1221,Directores de ventas y comercialización,"Alto potencial de automatización, alta complementariedad",247.7511308327802,5
2,2641,Autores y otros escritores,"Alto potencial de automatización, baja complementariedad",242.91585795251606,5
2,2267,Optómetras,"Alto potencial de automatización, alta complementariedad",235.21701849318325,2
2,2230,Profesionales de medicina tradicional y alternativa,"Alto potencial de automatización, alta complementariedad",216.9281810120284,3
2,2422,Profesionales en políticas de administración,"Alto potencial de automatización, baja complementariedad",212.38406256190754,5
2,1349,Directores y gerentes de servicios profesionales no clasificados en otros grupos primarios,"Alto potencial de automatización, alta complementariedad",195.85264613720085,3
2,3312,Analistas de préstamos y créditos,"Alto potencial de automatización, alta complementariedad",174.1343771168951,8
2,2266,Fonoaudiólogos y terapeutas del lenguaje,"Alto potencial de automatización, alta complementariedad",159.02762125241884,9
2,2421,Analistas de gestión y organización,"Alto potencial de automatización, alta complementariedad",155.46814873702314,2
2,2433,Profesionales de ventas técnicas y médicas (excluyendo las TIC),"Alto potencial de automatización, alta complementariedad",150.1302026356933,5
2,2151,Ingenieros electricistas,"Alto potencial de automatización, alta complementariedad",148.9477154399836,6
2,3413,Auxiliares laicos de las religiones,"Alto potencial de automatización, alta complementariedad",148.4596298274491,2
2,5111,Personal de servicio a pasajeros,"Alto potencial de automatización, alta complementariedad",147.35191106780437,3
2,3211,Técnicos en aparatos de diagnóstico y tratamiento médico,"Alto potencial de automatización, alta complementariedad",135.31033384163027,2
2,4411,Empleados de bibliotecas,"Alto potencial de automatización, baja complementariedad",131.53328054668913,2
2,3119,Técnicos en ciencias físicas y en ingeniería no clasificados en otros grupos primarios,"Alto potencial de automatización, alta complementariedad",130.53829404595206,4
2,3255,Técnicos y asistentes terapeutas,"Alto potencial de automatización, alta complementariedad",130.22610478364737,5
2,1342,Directores de servicios de salud,"Alto potencial de automatización, alta complementariedad",128.59816603515426,3
2,7312,Fabricantes y afinadores de instrumentos musicales,"Alto potencial de automatización, alta complementariedad",127.41582745573028,2
2,1222,Directores de publicidad y relaciones públicas,"Alto potencial de automatización, alta complementariedad",121.08968458883503,3
2,3258,Técnicos en atención prehospitalaria,"Alto potencial de automatización, alta complementariedad",118.91925523730191,2
2,3253,Trabajadores comunitarios de la salud,"Alto potencial de automatización, alta complementariedad",116.83964380478886,3
2,2262,Farmacéuticos,"Alto potencial de automatización, alta complementariedad",114.08475389037909,1
2,7549,"Otros oficiales, operarios y oficios relacionados no clasificados en otros grupos primarios","Alto potencial de automatización, baja complementariedad",107.15248189262738,2
2,2655,Actores,"Alto potencial de automatización, alta complementariedad",103.12696519884435,4
2,3141,Técnicos en ciencias biológicas (excluyendo la medicina),"Alto potencial de automatización, alta complementariedad",98.6942328186431,1
2,2423,Profesionales de gestión de talento humano,"Alto potencial de automatización, alta complementariedad",88.68439573588596,1
2,2212,Médicos especialistas,"Alto potencial de automatización, alta complementariedad",79.82677886380735,5
2,4312,"Auxiliares de servicios estadísticos, financieros y de seguros","Alto potencial de automatización, baja complementariedad",76.90068447730346,2
2,4131,Operadores de máquinas de procesamiento de texto y mecanógrafos,"Alto potencial de automatización, baja complementariedad",75.4487138539156,1
2,2131,"Biólogos, botánicos, zoólogos y afines","Alto potencial de automatización, alta complementariedad",67.90753126138377,5
2,3323,Agentes de compras,"Alto potencial de automatización, alta complementariedad",55.932984339016805,3
2,3152,"Capitanes, oficiales de cubierta y prácticos","Alto potencial de automatización, alta complementariedad",55.31938826236888,3
2,2424,Profesionales en formación y desarrollo de personal,"Alto potencial de automatización, alta complementariedad",54.85528674030267,1
2,1312,Directores de producción de piscicultura y pesca,"Alto potencial de automatización, alta complementariedad",50.94710929818772,1
2,2356,Instructores de tecnología de la información,"Alto potencial de automatización, alta complementariedad",49.24543758140206,3
2,3111,Técnicos en ciencias físicas y químicas,"Alto potencial de automatización, alta complementariedad",46.89484062481879,1
2,3353,Agentes de servicios de seguridad social,"Alto potencial de automatización, baja complementariedad",46.54594089294011,1
2,1322,Directores de explotaciones de minería,"Alto potencial de automatización, alta complementariedad",45.65890587996199,1
2,4413,"Codificadores de datos, correctores de pruebas de imprenta y afines","Alto potencial de automatización, baja complementariedad",40.319129937725805,2
2,1330,Directores de servicios de tecnología de la información y las comunicaciones,"Alto potencial de automatización, alta complementariedad",38.65442654154706,2
2,2153,Ingenieros de telecomunicaciones,"Alto potencial de automatización, alta complementariedad",36.15350148736186,1
2,1113,Jefes de comunidades étnicas,"Alto potencial de automatización, alta complementariedad",35.70940264581998,1
2,1112,Directores del gobierno,"Alto potencial de automatización, alta complementariedad",31.784827515461085,3
2,3514,Técnicos de la Web,"Alto potencial de automatización, baja complementariedad",31.472382000791004,1
2,2432,Profesionales de relaciones públicas,"Alto potencial de automatización, alta complementariedad",27.830441824231322,2
2,1114,"Dirigentes de organizaciones con un interés específico
(partidos políticos, sindicatos y organizaciones sociales)","Alto potencial de automatización, alta complementariedad",26.544006719471255,2
2,1344,Directores  de servicios de bienestar social,"Alto potencial de automatización, alta complementariedad",26.016646607192598,2
2,3315,Tasadores y evaluadores,"Alto potencial de automatización, baja complementariedad",25.784138064794803,2
2,8132,Operadores de máquinas para fabricar productos fotográficos,"Alto potencial de automatización, baja complementariedad",25.34375750275466,1
2,5163,Personal de servicios funerarios y embalsamadores,"Alto potencial de automatización, alta complementariedad",23.80234127725203,1
2,5162,Acompañantes,"Alto potencial de automatización, alta complementariedad",22.599001460530214,2
2,1211,Directores financieros,"Alto potencial de automatización, alta complementariedad",15.49778614687686,1
2,2152,Ingenieros electrónicos,"Alto potencial de automatización, baja complementariedad",12.597750666073402,1
2,2352,Profesores de educación especial e inclusiva,"Alto potencial de automatización, alta complementariedad",10.936266861524444,1
2,2622,"Bibliotecarios, documentalistas y afines","Alto potencial de automatización, alta complementariedad",9.858221533542944,1
2,1343,Directores de servicios de atención a personas mayores,"Alto potencial de automatización, alta complementariedad",7.690282808284077,1
2,2113,Químicos,"Alto potencial de automatización, alta complementariedad",7.614175349932999,1
2,3333,Agentes de empleo y contratistas de mano de obra,"Alto potencial de automatización, alta complementariedad",6.992436721298167,1
3,5223,"Vendedores y auxiliares de venta en tiendas, almacenes y afines","Alto potencial de automatización, baja complementariedad",379456.01568690775,7218
3,5414,Guardias de seguridad,"Alto potencial de automatización, alta complementariedad",188014.7429384186,2931
3,4110,Oficinistas generales,"Alto potencial de automatización, baja complementariedad",92961.85707278659,1650
3,8332,Conductores de camiones y vehículos pesados,"Alto potencial de automatización, alta complementariedad",85588.69172821243,1282
3,5230,"Cajeros de comercio, taquilleros y expendedores de boletas","Alto potencial de automatización, baja complementariedad",84673.720488993,1556
3,4222,Empleados de centros de llamadas,"Alto potencial de automatización, baja complementariedad",81146.32756921442,1242
3,3322,Representantes comerciales,"Alto potencial de automatización, alta complementariedad",56188.50852295162,1035
3,4311,Auxiliares de contabilidad y cálculo de costos,"Alto potencial de automatización, baja complementariedad",55700.84038880686,957
3,1420,Gerentes de comercios al por mayor y al por menor,"Alto potencial de automatización, alta complementariedad",50357.42883438406,875
3,5221,Comerciantes de tiendas,"Alto potencial de automatización, alta complementariedad",43589.415948053735,754
3,5311,Cuidadores de niños,"Alto potencial de automatización, alta complementariedad",41107.34383550386,625
3,8331,"Conductores de buses, microbuses y tranvías","Alto potencial de automatización, alta complementariedad",39483.26910670267,659
3,4120,Secretarios generales,"Alto potencial de automatización, baja complementariedad",36137.56092949191,676
3,7512,"Panaderos, pasteleros y confiteros","Alto potencial de automatización, baja complementariedad",29301.863902739213,471
3,5141,Peluqueros,"Alto potencial de automatización, alta complementariedad",24906.093901155004,488
3,3341,Supervisores de oficina,"Alto potencial de automatización, alta complementariedad",23952.166368514107,375
3,3123,Supervisores de la construcción,"Alto potencial de automatización, alta complementariedad",23632.023814081327,413
3,5142,Especialistas en tratamientos de belleza y afines,"Alto potencial de automatización, baja complementariedad",22740.56887359823,437
3,1412,Gerentes de restaurantes,"Alto potencial de automatización, alta complementariedad",19736.908171890893,356
3,5243,Vendedores puerta a puerta,"Alto potencial de automatización, baja complementariedad",19650.24245667405,335
3,2411,Contadores,"Alto potencial de automatización, baja complementariedad",18829.043908336767,334
3,1311,Directores de producción agropecuaria y silvicultura,"Alto potencial de automatización, alta complementariedad",17643.81879976779,310
3,5212,Vendedores ambulantes de alimentos preparados para consumo inmediato,"Alto potencial de automatización, baja complementariedad",16281.434311434898,296
3,7111,Constructores de casas,"Alto potencial de automatización, alta complementariedad",15055.955980038656,215
3,2342,Profesores de primera infancia,"Alto potencial de automatización, alta complementariedad",14912.333799555912,261
3,3343,Secretarios administrativos y ejecutivos,"Alto potencial de automatización, baja complementariedad",14686.628694992089,229
3,9520,Vendedores ambulantes (excluyendo comidas de preparación inmediata),"Alto potencial de automatización, baja complementariedad",14475.901392873895,243
3,4415,Empleados de archivos,"Alto potencial de automatización, baja complementariedad",14247.316913428085,247
3,5322,Trabajadores de los cuidados personales a domicilio,"Alto potencial de automatización, alta complementariedad",13877.7516813183,220
3,4226,Recepcionistas generales,"Alto potencial de automatización, baja complementariedad",12709.832478546497,249
3,4132,Grabadores de datos,"Alto potencial de automatización, baja complementariedad",12335.148807400441,303
3,3213,Técnicos y asistentes farmacéuticos,"Alto potencial de automatización, baja complementariedad",12328.943350335876,257
3,4214,Cobradores y afines,"Alto potencial de automatización, baja complementariedad",11455.357752236814,185
3,5244,Vendedores a través de medios tecnológicos,"Alto potencial de automatización, baja complementariedad",10828.009554908487,139
3,7531,"Sastres, modistos, peleteros y sombrereros","Alto potencial de automatización, baja complementariedad",10543.475453327608,228
3,3422,"Entrenadores, instructores y árbitros de actividades deportivas","Alto potencial de automatización, alta complementariedad",9893.590159710388,170
3,4224,Recepcionistas de hoteles,"Alto potencial de automatización, alta complementariedad",9578.6876381863,236
3,2166,Diseñadores gráficos y multimedia,"Alto potencial de automatización, baja complementariedad",9508.312477105446,149
3,3113,Electrotécnicos,"Alto potencial de automatización, alta complementariedad",9445.997511979473,158
3,2341,Profesores de educación primaria,"Alto potencial de automatización, alta complementariedad",9421.61263331893,244
3,3344,Secretarios médicos,"Alto potencial de automatización, baja complementariedad",9318.906028519015,179
3,4323,Empleados de servicios de transporte,"Alto potencial de automatización, alta complementariedad",8849.216441821849,116
3,3257,"Inspectores de seguridad, salud ocupacional, medioambiental y afines","Alto potencial de automatización, alta complementariedad",8028.090963294631,116
3,3334,Agentes inmobiliarios,"Alto potencial de automatización, alta complementariedad",7920.888392741189,109
3,2611,Abogados,"Alto potencial de automatización, alta complementariedad",7866.612113944791,177
3,3115,Técnicos en ingeniería mecánica,"Alto potencial de automatización, alta complementariedad",7821.8729844935715,92
3,1212,Directores de recursos humanos,"Alto potencial de automatización, alta complementariedad",7681.355763884186,100
3,3122,Supervisores de industrias manufactureras,"Alto potencial de automatización, alta complementariedad",7423.211527341071,100
3,5211,Vendedores en quioscos y puestos de mercado,"Alto potencial de automatización, baja complementariedad",7180.990826990429,132
3,4229,Otros empleados de servicios de información al cliente no clasificados en otros grupos primarios,"Alto potencial de automatización, baja complementariedad",7010.246796795174,114
3,3512,Técnicos en asistencia y soporte al usuario de tecnología de la información y las comunicaciones,"Alto potencial de automatización, alta complementariedad",6934.5399467063835,101
3,4225,Empleados de ventanillas de información,"Alto potencial de automatización, baja complementariedad",6587.142896319303,119
3,2330,Profesores de educación secundaria,"Alto potencial de automatización, alta complementariedad",6543.716773998646,147
3,2412,Asesores financieros y de inversiones,"Alto potencial de automatización, baja complementariedad",6480.320359506469,87
3,7543,Clasificadores y probadores de productos (excluyendo alimentos y bebidas),"Alto potencial de automatización, alta complementariedad",6426.533970653818,78
3,2511,Analistas de sistemas,"Alto potencial de automatización, alta complementariedad",6381.537017498588,87
3,1439,Otros gerentes de servicios no clasificados en otros grupos primarios,"Alto potencial de automatización, alta complementariedad",6035.133826622021,109
3,9629,Otras ocupaciones elementales no clasificadas en otros grupos primarios,"Alto potencial de automatización, baja complementariedad",5697.79220410243,67
3,3511,Técnicos en operaciones de tecnología de la información y las comunicaciones,"Alto potencial de automatización, baja complementariedad",5632.214484207347,61
3,5312,Auxiliares de maestros,"Alto potencial de automatización, alta complementariedad",5555.15118221021,112
3,4211,Cajeros de bancos y afines,"Alto potencial de automatización, baja complementariedad",5473.147606736973,94
3,3312,Analistas de préstamos y créditos,"Alto potencial de automatización, alta complementariedad",5228.736303230043,73
3,2431,Profesionales de la publicidad y la comercialización,"Alto potencial de automatización, baja complementariedad",4841.033347943778,97
3,4212,Receptores de apuestas y afines,"Alto potencial de automatización, baja complementariedad",4791.0019059371725,111
3,2263,Profesionales de la salud y la higiene laboral y ambiental,"Alto potencial de automatización, alta complementariedad",4774.2689075919425,69
3,1221,Directores de ventas y comercialización,"Alto potencial de automatización, alta complementariedad",4644.428273575577,36
3,3313,Técnicos de contabilidad y afines,"Alto potencial de automatización, baja complementariedad",4500.297653782687,43
3,2634,Psicólogos,"Alto potencial de automatización, alta complementariedad",4433.166573051883,96
3,1321,Directores de industrias manufactureras,"Alto potencial de automatización, alta complementariedad",4378.223543713975,79
3,2636,Profesionales religiosos,"Alto potencial de automatización, alta complementariedad",4363.744720858657,72
3,3321,Agentes de seguros,"Alto potencial de automatización, alta complementariedad",4309.589093778043,66
3,3423,Instructores de educación física y actividades recreativas,"Alto potencial de automatización, alta complementariedad",4305.384226873827,77
3,4416,Empleados del servicio de personal,"Alto potencial de automatización, baja complementariedad",4269.950787380682,62
3,4221,Empleados y consultores de viajes,"Alto potencial de automatización, alta complementariedad",4266.34027473086,78
3,1324,"Directores de empresas de abastecimiento, distribución y afines","Alto potencial de automatización, alta complementariedad",4242.400940872635,55
3,3434,Chefs,"Alto potencial de automatización, alta complementariedad",4154.012157368746,84
3,5242,"Demostradores de tiendas, almacenes y afines","Alto potencial de automatización, baja complementariedad",3721.4488009036686,105
3,3118,Delineantes y dibujantes técnicos,"Alto potencial de automatización, baja complementariedad",3690.271818783044,84
3,2512,Desarrolladores de software,"Alto potencial de automatización, baja complementariedad",3563.4681125349925,61
3,1120,Directores y gerentes generales,"Alto potencial de automatización, alta complementariedad",3447.573357493072,39
3,2142,Ingenieros civiles,"Alto potencial de automatización, alta complementariedad",3294.6543666605744,72
3,2652,"Compositores, músicos y cantantes","Alto potencial de automatización, alta complementariedad",3272.655131427162,72
3,3432,Diseñadores y decoradores de interiores,"Alto potencial de automatización, alta complementariedad",3258.0802892134466,44
3,3212,Técnicos de laboratorios médicos,"Alto potencial de automatización, baja complementariedad",3113.620226645248,63
3,1431,"Gerentes de centros deportivos, de esparcimiento y culturales","Alto potencial de automatización, alta complementariedad",2975.486173924598,55
3,2359,Otros profesionales de la educación no clasificados en otros grupos primarios,"Alto potencial de automatización, alta complementariedad",2866.6895580443947,77
3,7127,Mecánicos montadores de aire acondicionado y refrigeración,"Alto potencial de automatización, alta complementariedad",2806.7651639313785,66
3,5222,Supervisores de tiendas y almacenes,"Alto potencial de automatización, alta complementariedad",2758.4499933889497,49
3,2264,Fisioterapeutas,"Alto potencial de automatización, alta complementariedad",2721.782284146266,45
3,3339,Agentes de servicios comerciales no clasificados en otros grupos primarios,"Alto potencial de automatización, alta complementariedad",2715.1276151155957,48
3,3142,Técnicos agropecuarios,"Alto potencial de automatización, alta complementariedad",2706.9254398067947,23
3,3435,Otros técnicos y profesionales del nivel medio en actividades culturales y artísticas,"Alto potencial de automatización, baja complementariedad",2580.6484263579882,32
3,2221,Profesionales de enfermería,"Alto potencial de automatización, alta complementariedad",2552.849667276726,54
3,3513,Técnicos en redes y sistemas de computación,"Alto potencial de automatización, alta complementariedad",2451.1043705764164,43
3,3521,Técnicos de radiodifusión y grabación audio visual,"Alto potencial de automatización, alta complementariedad",2444.740258733307,40
3,3324,Agentes de operaciones comerciales y consignatarios,"Alto potencial de automatización, alta complementariedad",2345.2364125832437,33
3,7234,Reparadores de bicicletas y afines,"Alto potencial de automatización, alta complementariedad",2338.4252481245794,29
3,2161,Arquitectos constructores,"Alto potencial de automatización, alta complementariedad",2285.1459623050923,34
3,3522,Técnicos de ingeniería de las telecomunicaciones,"Alto potencial de automatización, alta complementariedad",2273.103819120627,49
3,4213,Prestamistas,"Alto potencial de automatización, baja complementariedad",2225.8499645141223,40
3,3114,Técnicos en electrónica,"Alto potencial de automatización, alta complementariedad",2191.0920452141727,30
3,1411,Gerentes de hoteles,"Alto potencial de automatización, alta complementariedad",2166.1099720275797,54
3,2250,Veterinarios,"Alto potencial de automatización, alta complementariedad",2103.309981275467,33
3,3332,Organizadores de conferencias y eventos,"Alto potencial de automatización, alta complementariedad",2079.8425109555437,42
3,3412,Trabajadores y asistentes sociales,"Alto potencial de automatización, alta complementariedad",2078.5727840390136,38
3,2320,Profesores de formación profesional,"Alto potencial de automatización, alta complementariedad",2077.325640565945,33
3,5112,Revisores y cobradores de los transportes públicos,"Alto potencial de automatización, alta complementariedad",2045.7417908124771,42
3,7421,Ajustadores e instaladores en electrónica,"Alto potencial de automatización, alta complementariedad",2044.8468791239707,36
3,2144,Ingenieros mecánicos,"Alto potencial de automatización, alta complementariedad",1985.1597484302338,18
3,2131,"Biólogos, botánicos, zoólogos y afines","Alto potencial de automatización, alta complementariedad",1973.049358561337,18
3,3431,Fotógrafos,"Alto potencial de automatización, alta complementariedad",1952.3321283054545,30
3,2310,Profesores de instituciones de educación superior,"Alto potencial de automatización, alta complementariedad",1894.8350641880247,36
3,4414,Escribientes públicos y afines,"Alto potencial de automatización, alta complementariedad",1880.7965411698872,38
3,1345,Directores de servicios de educación,"Alto potencial de automatización, alta complementariedad",1840.801592697607,22
3,3112,Técnicos en ingeniería civil,"Alto potencial de automatización, alta complementariedad",1815.1097634818661,30
3,5419,Personal de los servicios de protección no clasificados en otros grupos primarios,"Alto potencial de automatización, alta complementariedad",1806.677580731261,26
3,5113,Guías,"Alto potencial de automatización, alta complementariedad",1706.5670982765441,34
3,3315,Tasadores y evaluadores,"Alto potencial de automatización, baja complementariedad",1697.607402038743,11
3,7321,Preimpresores y afines,"Alto potencial de automatización, baja complementariedad",1687.4751684899343,24
3,2353,Otros profesores de idiomas,"Alto potencial de automatización, alta complementariedad",1635.4294313796472,41
3,3258,Técnicos en atención prehospitalaria,"Alto potencial de automatización, alta complementariedad",1630.8951222701069,7
3,2211,Médicos generales,"Alto potencial de automatización, alta complementariedad",1614.5499789137093,24
3,3251,Higienistas y asistentes odontologícos,"Alto potencial de automatización, alta complementariedad",1599.4421191301208,41
3,3342,Secretarios jurídicos,"Alto potencial de automatización, baja complementariedad",1553.1284088755456,26
3,2351,Especialistas en métodos pedagógicos,"Alto potencial de automatización, alta complementariedad",1467.3000790297026,23
3,2642,Periodistas,"Alto potencial de automatización, alta complementariedad",1467.126537188648,21
3,2141,Ingenieros industriales y de producción,"Alto potencial de automatización, alta complementariedad",1456.6635497083553,15
3,2261,Odontólogos,"Alto potencial de automatización, alta complementariedad",1424.7940314839016,34
3,2212,Médicos especialistas,"Alto potencial de automatización, alta complementariedad",1362.4097102791045,12
3,2423,Profesionales de gestión de talento humano,"Alto potencial de automatización, alta complementariedad",1357.6284261084566,13
3,5165,Instructores de conducción,"Alto potencial de automatización, alta complementariedad",1350.8982493013707,34
3,2163,Diseñadores de productos y de prendas,"Alto potencial de automatización, baja complementariedad",1281.0684430074486,22
3,4223,Telefonistas,"Alto potencial de automatización, baja complementariedad",1278.1244365049247,25
3,5249,Otros vendedores no clasificados en otros grupos primarios,"Alto potencial de automatización, baja complementariedad",1271.9409676994724,39
3,2656,"Locutores de radio, televisión y otros medios de comunicación","Alto potencial de automatización, alta complementariedad",1262.8786300906418,20
3,2635,Profesionales del trabajo social y consejeros,"Alto potencial de automatización, alta complementariedad",1237.1049497347753,40
3,2643,"Traductores, intérpretes y otros lingüistas","Alto potencial de automatización, alta complementariedad",1231.958145842097,6
3,4227,Entrevistadores de encuestas y de investigaciones de mercados,"Alto potencial de automatización, alta complementariedad",1227.627978244913,23
3,2421,Analistas de gestión y organización,"Alto potencial de automatización, alta complementariedad",1183.7434804115826,21
3,3411,"Técnicos y profesionales del nivel medio del derecho, de servicios legales y afines","Alto potencial de automatización, baja complementariedad",1169.9284542051275,17
3,2422,Profesionales en políticas de administración,"Alto potencial de automatización, baja complementariedad",1123.5833347956464,12
3,2659,Artistas creativos e interpretativos no clasificados en otros grupos primarios,"Alto potencial de automatización, alta complementariedad",1100.3188445707603,11
3,3214,Técnicos de prótesis médicas y dentales,"Alto potencial de automatización, alta complementariedad",1088.487594460935,25
3,3111,Técnicos en ciencias físicas y químicas,"Alto potencial de automatización, alta complementariedad",1071.2171633335504,18
3,5169,Otros trabajadores de servicios personales no clasificados en otros grupos primarios,"Alto potencial de automatización, alta complementariedad",1036.6340369390998,22
3,2355,Otros profesores de artes,"Alto potencial de automatización, baja complementariedad",1014.9502006661796,23
3,3253,Trabajadores comunitarios de la salud,"Alto potencial de automatización, alta complementariedad",1000.035010531302,25
3,2143,Ingenieros medioambientales,"Alto potencial de automatización, alta complementariedad",971.49570738925,21
3,3133,Controladores de instalaciones de procesamiento de productos químicos,"Alto potencial de automatización, alta complementariedad",934.9211602146821,8
3,4411,Empleados de bibliotecas,"Alto potencial de automatización, baja complementariedad",926.6720179095951,12
3,3323,Agentes de compras,"Alto potencial de automatización, alta complementariedad",881.7499263681783,19
3,2133,Profesionales de la protección medioambiental,"Alto potencial de automatización, alta complementariedad",876.6142974937238,14
3,3117,Técnicos de minas y metalurgia,"Alto potencial de automatización, alta complementariedad",868.6655508376994,6
3,3353,Agentes de servicios de seguridad social,"Alto potencial de automatización, baja complementariedad",856.5435498676054,7
3,3119,Técnicos en ciencias físicas y en ingeniería no clasificados en otros grupos primarios,"Alto potencial de automatización, alta complementariedad",851.1363864858009,13
3,1211,Directores financieros,"Alto potencial de automatización, alta complementariedad",839.4352272140709,14
3,2621,Archivistas y curadores de arte,"Alto potencial de automatización, alta complementariedad",826.2977005585176,7
3,4419,Otro personal de apoyo administrativo no clasificados en otros grupos primarios,"Alto potencial de automatización, baja complementariedad",822.227502039373,9
3,3514,Técnicos de la Web,"Alto potencial de automatización, baja complementariedad",813.107221410666,6
3,1342,Directores de servicios de salud,"Alto potencial de automatización, alta complementariedad",801.003771080714,27
3,5163,Personal de servicios funerarios y embalsamadores,"Alto potencial de automatización, alta complementariedad",798.9912140603341,18
3,1111,Directores formuladores de políticas y normas,"Alto potencial de automatización, alta complementariedad",797.9570557748887,8
3,2151,Ingenieros electricistas,"Alto potencial de automatización, alta complementariedad",786.1618879612892,17
3,2632,"Sociólogos, antropólogos y afines","Alto potencial de automatización, alta complementariedad",755.3915933527575,2
3,4313,Auxiliares encargados de las nóminas,"Alto potencial de automatización, baja complementariedad",739.0886223772274,8
3,3211,Técnicos en aparatos de diagnóstico y tratamiento médico,"Alto potencial de automatización, alta complementariedad",716.2121900832542,23
3,2433,Profesionales de ventas técnicas y médicas (excluyendo las TIC),"Alto potencial de automatización, alta complementariedad",691.9769028715751,18
3,2132,"Agrónomos, silvicultores, zootecnistas y afines","Alto potencial de automatización, alta complementariedad",674.4414708767366,12
3,2354,Otros profesores de música,"Alto potencial de automatización, alta complementariedad",645.7698595549324,20
3,2262,Farmacéuticos,"Alto potencial de automatización, alta complementariedad",641.8713426643174,12
3,7311,Mecánicos y reparadores de instrumentos de precisión,"Alto potencial de automatización, baja complementariedad",636.013943278023,8
3,3359,Agentes de gobierno y profesionales del nivel medio para la aplicación de regulaciones no clasificados en otros grupos primarios,"Alto potencial de automatización, alta complementariedad",612.2608034723862,20
3,2269,Otros profesionales de la salud no clasificados en otros grupos primarios,"Alto potencial de automatización, alta complementariedad",611.031666384589,11
3,3331,Declarantes o gestores de aduana,"Alto potencial de automatización, baja complementariedad",561.9650505068252,10
3,2152,Ingenieros electrónicos,"Alto potencial de automatización, baja complementariedad",541.9556195226595,6
3,7232,Mecánicos y reparadores de sistemas y motores de aeronaves,"Alto potencial de automatización, alta complementariedad",532.0041811849725,7
3,2113,Químicos,"Alto potencial de automatización, alta complementariedad",516.2205365497836,5
3,2145,Ingenieros químicos,"Alto potencial de automatización, alta complementariedad",502.49278456247185,6
3,2265,Dietistas y nutricionistas,"Alto potencial de automatización, alta complementariedad",497.00965176380237,13
3,3139,Técnicos en control de procesos no clasificados en otros grupos primarios,"Alto potencial de automatización, baja complementariedad",481.0807655928471,7
3,2631,Economistas,"Alto potencial de automatización, baja complementariedad",475.8061565375365,5
3,5161,"Astrólogos, adivinos y trabajadores afines","Alto potencial de automatización, alta complementariedad",464.51692981230497,5
3,4322,Empleados de servicios de apoyo a la producción,"Alto potencial de automatización, baja complementariedad",460.563084680076,9
3,5111,Personal de servicio a pasajeros,"Alto potencial de automatización, alta complementariedad",429.13054893935083,10
3,1346,"Gerentes de sucursales de bancos, de servicios financieros y de seguros","Alto potencial de automatización, alta complementariedad",396.6777051222508,4
3,2165,Cartógrafos y topógrafos,"Alto potencial de automatización, alta complementariedad",396.4330780957402,14
3,1349,Directores y gerentes de servicios profesionales no clasificados en otros grupos primarios,"Alto potencial de automatización, alta complementariedad",362.35749105079304,1
3,1323,Directores de empresas de construcción,"Alto potencial de automatización, alta complementariedad",348.69473725908506,5
3,1219,Directores de administración y servicios no clasificados en otros grupos primarios,"Alto potencial de automatización, alta complementariedad",343.45010988694844,13
3,1223,Directores de investigación y desarrollo,"Alto potencial de automatización, alta complementariedad",338.9639475457458,3
3,4312,"Auxiliares de servicios estadísticos, financieros y de seguros","Alto potencial de automatización, baja complementariedad",325.5514208926795,6
3,1222,Directores de publicidad y relaciones públicas,"Alto potencial de automatización, alta complementariedad",301.3455914213794,1
3,3141,Técnicos en ciencias biológicas (excluyendo la medicina),"Alto potencial de automatización, alta complementariedad",272.2795804214868,4
3,2153,Ingenieros de telecomunicaciones,"Alto potencial de automatización, alta complementariedad",240.09106456341644,11
3,2513,Desarrolladores web y multimedia,"Alto potencial de automatización, baja complementariedad",224.59764802981317,10
3,2434,Profesionales de ventas de tecnología de la información y las comunicaciones,"Alto potencial de automatización, alta complementariedad",211.24227497941828,4
3,2521,Diseñadores y administradores de bases de datos,"Alto potencial de automatización, baja complementariedad",207.36343088476633,4
3,2240,Paramédicos e instrumentadores quirúrgicos,"Alto potencial de automatización, alta complementariedad",204.7976406089944,9
3,2266,Fonoaudiólogos y terapeutas del lenguaje,"Alto potencial de automatización, alta complementariedad",181.20594632068648,8
3,2424,Profesionales en formación y desarrollo de personal,"Alto potencial de automatización, alta complementariedad",176.39292437408164,2
3,3230,Técnicos y profesionales del nivel medio en medicina tradicional y alternativa,"Alto potencial de automatización, alta complementariedad",174.36753909265542,2
3,2413,Analistas financieros,"Alto potencial de automatización, baja complementariedad",172.0095715583996,4
3,1112,Directores del gobierno,"Alto potencial de automatización, alta complementariedad",170.6912010203766,3
3,3121,Supervisores de minas,"Alto potencial de automatización, alta complementariedad",167.64163477480852,2
3,3154,Controladores de tráfico aéreo y marítimo,"Alto potencial de automatización, alta complementariedad",165.2371819651432,7
3,3153,Pilotos de aviación y afines,"Alto potencial de automatización, alta complementariedad",163.6813016379783,2
3,3351,Agentes de aduanas e inspectores de fronteras,"Alto potencial de automatización, alta complementariedad",155.75951054590408,1
3,2641,Autores y otros escritores,"Alto potencial de automatización, baja complementariedad",145.10836175584052,2
3,3151,Oficiales maquinistas en navegación,"Alto potencial de automatización, alta complementariedad",144.61648288340174,3
3,7312,Fabricantes y afinadores de instrumentos musicales,"Alto potencial de automatización, alta complementariedad",132.87069449299244,3
3,3255,Técnicos y asistentes terapeutas,"Alto potencial de automatización, alta complementariedad",123.68689089126256,6
3,2522,Administradores de sistemas,"Alto potencial de automatización, baja complementariedad",117.56305762815536,1
3,2622,"Bibliotecarios, documentalistas y afines","Alto potencial de automatización, alta complementariedad",116.69461219223541,5
3,3116,Técnicos en química industrial,"Alto potencial de automatización, alta complementariedad",107.83856545087225,2
3,2655,Actores,"Alto potencial de automatización, alta complementariedad",105.53348981998775,3
3,7549,"Otros oficiales, operarios y oficios relacionados no clasificados en otros grupos primarios","Alto potencial de automatización, baja complementariedad",99.21139993248815,5
3,3311,"Agentes de bolsa, cambio y otros servicios financieros","Alto potencial de automatización, alta complementariedad",94.54400497808048,6
3,1330,Directores de servicios de tecnología de la información y las comunicaciones,"Alto potencial de automatización, alta complementariedad",92.57862608016904,5
3,3433,"Técnicos en galerías de arte, museos y bibliotecas","Alto potencial de automatización, baja complementariedad",91.86652422238097,1
3,3131,Operadores de plantas de producción de energía,"Alto potencial de automatización, alta complementariedad",80.72939245221123,2
3,3354,Agentes gubernamentales de expedición de licencias,"Alto potencial de automatización, baja complementariedad",79.52815106454591,2
3,2352,Profesores de educación especial e inclusiva,"Alto potencial de automatización, alta complementariedad",77.00000994489281,4
3,1344,Directores  de servicios de bienestar social,"Alto potencial de automatización, alta complementariedad",76.33517156308264,4
3,2149,Ingenieros no clasificados en otros grupos primarios,"Alto potencial de automatización, alta complementariedad",72.8397032511663,2
3,2654,"Directores y productores de cine, de teatro y afines","Alto potencial de automatización, alta complementariedad",71.60858555645278,6
3,3152,"Capitanes, oficiales de cubierta y prácticos","Alto potencial de automatización, alta complementariedad",71.04453089440509,4
3,2146,"Ingenieros de minas, metalúrgicos y afines","Alto potencial de automatización, alta complementariedad",70.56828769171753,4
3,2356,Instructores de tecnología de la información,"Alto potencial de automatización, alta complementariedad",66.63033195721731,2
3,2267,Optómetras,"Alto potencial de automatización, alta complementariedad",63.15032092894893,4
3,1341,Directores de servicios de cuidados infantiles,"Alto potencial de automatización, alta complementariedad",58.67376018944049,1
3,4413,"Codificadores de datos, correctores de pruebas de imprenta y afines","Alto potencial de automatización, baja complementariedad",54.44591173501164,1
3,2529,Profesionales en bases de datos y en redes de computadores no clasificados en otros grupos primarios,"Alto potencial de automatización, baja complementariedad",50.55689524617302,2
3,1322,Directores de explotaciones de minería,"Alto potencial de automatización, alta complementariedad",48.85030823171129,1
3,3314,"Técnicos y profesionales del nivel medio de servicios estadísticos, matemáticos y afines","Alto potencial de automatización, baja complementariedad",48.76969007548972,2
3,3355,Inspectores de policía y detectives,"Alto potencial de automatización, alta complementariedad",42.93880433324828,2
3,1343,Directores de servicios de atención a personas mayores,"Alto potencial de automatización, alta complementariedad",41.79645070868355,2
3,2519,Desarrolladores y analistas de software y multimedia no clasificados en otros grupos primarios,"Alto potencial de automatización, baja complementariedad",32.79783855685515,1
3,4131,Operadores de máquinas de procesamiento de texto y mecanógrafos,"Alto potencial de automatización, baja complementariedad",29.475301711841674,2
3,3413,Auxiliares laicos de las religiones,"Alto potencial de automatización, alta complementariedad",28.351865899322178,1
3,3256,Asistentes médicos,"Alto potencial de automatización, alta complementariedad",27.57499771217994,3
3,2162,Arquitectos paisajistas,"Alto potencial de automatización, alta complementariedad",23.032462056575284,1
3,1213,Directores de políticas y planeación,"Alto potencial de automatización, alta complementariedad",16.40539610556466,2
3,2432,Profesionales de relaciones públicas,"Alto potencial de automatización, alta complementariedad",13.229350384489509,1
3,3254,Técnicos en optometría y ópticas,"Alto potencial de automatización, alta complementariedad",10.495541549526775,1
3,1114,"Dirigentes de organizaciones con un interés específico
(partidos políticos, sindicatos y organizaciones sociales)","Alto potencial de automatización, alta complementariedad",10.10947598216289,1
3,2230,Profesionales de medicina tradicional y alternativa,"Alto potencial de automatización, alta complementariedad",7.8397485731810335,1
3,2120,"Matemáticos, actuarios y estadísticos","Alto potencial de automatización, baja complementariedad",6.57661155241135,1
4,5223,"Vendedores y auxiliares de venta en tiendas, almacenes y afines","Alto potencial de automatización, baja complementariedad",233455.90814893946,3827
4,5414,Guardias de seguridad,"Alto potencial de automatización, alta complementariedad",206482.18682758417,2858
4,4110,Oficinistas generales,"Alto potencial de automatización, baja complementariedad",107627.5453710477,1882
4,8332,Conductores de camiones y vehículos pesados,"Alto potencial de automatización, alta complementariedad",88101.38639915595,1200
4,1420,Gerentes de comercios al por mayor y al por menor,"Alto potencial de automatización, alta complementariedad",77499.82189825668,1392
4,4311,Auxiliares de contabilidad y cálculo de costos,"Alto potencial de automatización, baja complementariedad",63214.01990585852,930
4,4222,Empleados de centros de llamadas,"Alto potencial de automatización, baja complementariedad",59844.81474474054,607
4,5230,"Cajeros de comercio, taquilleros y expendedores de boletas","Alto potencial de automatización, baja complementariedad",53544.25216786905,924
4,3341,Supervisores de oficina,"Alto potencial de automatización, alta complementariedad",53025.262006885605,747
4,3322,Representantes comerciales,"Alto potencial de automatización, alta complementariedad",52170.14404003538,779
4,3123,Supervisores de la construcción,"Alto potencial de automatización, alta complementariedad",47625.914849552784,678
4,2411,Contadores,"Alto potencial de automatización, baja complementariedad",42391.29815288887,729
4,8331,"Conductores de buses, microbuses y tranvías","Alto potencial de automatización, alta complementariedad",41821.31894291867,533
4,5221,Comerciantes de tiendas,"Alto potencial de automatización, alta complementariedad",39338.21857851416,683
4,1311,Directores de producción agropecuaria y silvicultura,"Alto potencial de automatización, alta complementariedad",38593.74171869209,677
4,1412,Gerentes de restaurantes,"Alto potencial de automatización, alta complementariedad",33113.26680299629,539
4,4120,Secretarios generales,"Alto potencial de automatización, baja complementariedad",32057.388375727955,558
4,7512,"Panaderos, pasteleros y confiteros","Alto potencial de automatización, baja complementariedad",29801.789320945612,371
4,5141,Peluqueros,"Alto potencial de automatización, alta complementariedad",22714.199212167034,396
4,5142,Especialistas en tratamientos de belleza y afines,"Alto potencial de automatización, baja complementariedad",22582.700678228914,356
4,3343,Secretarios administrativos y ejecutivos,"Alto potencial de automatización, baja complementariedad",21423.769195743796,333
4,2330,Profesores de educación secundaria,"Alto potencial de automatización, alta complementariedad",20690.76116925354,301
4,2611,Abogados,"Alto potencial de automatización, alta complementariedad",20253.801705010756,404
4,5322,Trabajadores de los cuidados personales a domicilio,"Alto potencial de automatización, alta complementariedad",19628.791161920886,250
4,2341,Profesores de educación primaria,"Alto potencial de automatización, alta complementariedad",18643.455129905826,339
4,2166,Diseñadores gráficos y multimedia,"Alto potencial de automatización, baja complementariedad",16827.942785968622,218
4,2342,Profesores de primera infancia,"Alto potencial de automatización, alta complementariedad",16289.798482715374,249
4,5243,Vendedores puerta a puerta,"Alto potencial de automatización, baja complementariedad",16255.811898607813,266
4,1212,Directores de recursos humanos,"Alto potencial de automatización, alta complementariedad",15954.2736588892,242
4,7111,Constructores de casas,"Alto potencial de automatización, alta complementariedad",15817.953295927531,231
4,3122,Supervisores de industrias manufactureras,"Alto potencial de automatización, alta complementariedad",15410.82604056038,171
4,2634,Psicólogos,"Alto potencial de automatización, alta complementariedad",15074.338298469185,269
4,5311,Cuidadores de niños,"Alto potencial de automatización, alta complementariedad",14741.557270932795,196
4,5212,Vendedores ambulantes de alimentos preparados para consumo inmediato,"Alto potencial de automatización, baja complementariedad",14676.148465383108,198
4,3113,Electrotécnicos,"Alto potencial de automatización, alta complementariedad",14059.351839724653,211
4,2511,Analistas de sistemas,"Alto potencial de automatización, alta complementariedad",13919.417385138635,209
4,4415,Empleados de archivos,"Alto potencial de automatización, baja complementariedad",13842.780639484417,241
4,3422,"Entrenadores, instructores y árbitros de actividades deportivas","Alto potencial de automatización, alta complementariedad",13377.087084505027,192
4,9520,Vendedores ambulantes (excluyendo comidas de preparación inmediata),"Alto potencial de automatización, baja complementariedad",13042.646902393775,212
4,5244,Vendedores a través de medios tecnológicos,"Alto potencial de automatización, baja complementariedad",12567.924423225479,140
4,4132,Grabadores de datos,"Alto potencial de automatización, baja complementariedad",12055.539747509496,242
4,3257,"Inspectores de seguridad, salud ocupacional, medioambiental y afines","Alto potencial de automatización, alta complementariedad",11657.56878644773,161
4,2142,Ingenieros civiles,"Alto potencial de automatización, alta complementariedad",11581.73272733847,182
4,2263,Profesionales de la salud y la higiene laboral y ambiental,"Alto potencial de automatización, alta complementariedad",11574.463346665329,138
4,4226,Recepcionistas generales,"Alto potencial de automatización, baja complementariedad",11196.453791808475,169
4,2431,Profesionales de la publicidad y la comercialización,"Alto potencial de automatización, baja complementariedad",10594.932720943092,154
4,3334,Agentes inmobiliarios,"Alto potencial de automatización, alta complementariedad",10345.413618252844,134
4,2412,Asesores financieros y de inversiones,"Alto potencial de automatización, baja complementariedad",10073.74166358523,144
4,3344,Secretarios médicos,"Alto potencial de automatización, baja complementariedad",10009.333127623198,139
4,3213,Técnicos y asistentes farmacéuticos,"Alto potencial de automatización, baja complementariedad",9991.041509237306,210
4,3434,Chefs,"Alto potencial de automatización, alta complementariedad",9895.80761762912,160
4,3512,Técnicos en asistencia y soporte al usuario de tecnología de la información y las comunicaciones,"Alto potencial de automatización, alta complementariedad",9710.613932969069,113
4,3115,Técnicos en ingeniería mecánica,"Alto potencial de automatización, alta complementariedad",9541.438699381853,129
4,5211,Vendedores en quioscos y puestos de mercado,"Alto potencial de automatización, baja complementariedad",8806.722056685692,119
4,1324,"Directores de empresas de abastecimiento, distribución y afines","Alto potencial de automatización, alta complementariedad",8802.746582420905,110
4,3118,Delineantes y dibujantes técnicos,"Alto potencial de automatización, baja complementariedad",8621.910248270991,96
4,1321,Directores de industrias manufactureras,"Alto potencial de automatización, alta complementariedad",8322.965664316393,117
4,3511,Técnicos en operaciones de tecnología de la información y las comunicaciones,"Alto potencial de automatización, baja complementariedad",8239.749548280577,86
4,1221,Directores de ventas y comercialización,"Alto potencial de automatización, alta complementariedad",8146.465031200406,87
4,2512,Desarrolladores de software,"Alto potencial de automatización, baja complementariedad",8119.629634629003,117
4,3312,Analistas de préstamos y créditos,"Alto potencial de automatización, alta complementariedad",7933.926565938285,115
4,1439,Otros gerentes de servicios no clasificados en otros grupos primarios,"Alto potencial de automatización, alta complementariedad",7869.648046041504,160
4,4214,Cobradores y afines,"Alto potencial de automatización, baja complementariedad",7820.992088034513,110
4,3313,Técnicos de contabilidad y afines,"Alto potencial de automatización, baja complementariedad",7412.4421925297975,83
4,1120,Directores y gerentes generales,"Alto potencial de automatización, alta complementariedad",7220.328051979607,74
4,4211,Cajeros de bancos y afines,"Alto potencial de automatización, baja complementariedad",7074.043116433208,107
4,4229,Otros empleados de servicios de información al cliente no clasificados en otros grupos primarios,"Alto potencial de automatización, baja complementariedad",6859.863881101177,106
4,2264,Fisioterapeutas,"Alto potencial de automatización, alta complementariedad",6813.728167450804,122
4,3321,Agentes de seguros,"Alto potencial de automatización, alta complementariedad",6670.620745255125,95
4,4225,Empleados de ventanillas de información,"Alto potencial de automatización, baja complementariedad",6602.639420052858,103
4,7531,"Sastres, modistos, peleteros y sombrereros","Alto potencial de automatización, baja complementariedad",6587.313624785158,123
4,4323,Empleados de servicios de transporte,"Alto potencial de automatización, alta complementariedad",6335.216185304267,92
4,4224,Recepcionistas de hoteles,"Alto potencial de automatización, alta complementariedad",6250.22872383057,157
4,2261,Odontólogos,"Alto potencial de automatización, alta complementariedad",6130.097942506541,94
4,2310,Profesores de instituciones de educación superior,"Alto potencial de automatización, alta complementariedad",5839.672862585155,132
4,4416,Empleados del servicio de personal,"Alto potencial de automatización, baja complementariedad",5762.721584737961,62
4,2221,Profesionales de enfermería,"Alto potencial de automatización, alta complementariedad",5465.17509811476,135
4,2141,Ingenieros industriales y de producción,"Alto potencial de automatización, alta complementariedad",5412.586267724657,54
4,2161,Arquitectos constructores,"Alto potencial de automatización, alta complementariedad",5305.8945354958,88
4,4414,Escribientes públicos y afines,"Alto potencial de automatización, alta complementariedad",5120.832330533514,40
4,5312,Auxiliares de maestros,"Alto potencial de automatización, alta complementariedad",5040.251747210883,79
4,2652,"Compositores, músicos y cantantes","Alto potencial de automatización, alta complementariedad",4971.064973425423,82
4,3423,Instructores de educación física y actividades recreativas,"Alto potencial de automatización, alta complementariedad",4954.039623967974,89
4,2359,Otros profesionales de la educación no clasificados en otros grupos primarios,"Alto potencial de automatización, alta complementariedad",4774.936664900694,97
4,1342,Directores de servicios de salud,"Alto potencial de automatización, alta complementariedad",4734.329968806092,112
4,4221,Empleados y consultores de viajes,"Alto potencial de automatización, alta complementariedad",4683.601851176738,83
4,2635,Profesionales del trabajo social y consejeros,"Alto potencial de automatización, alta complementariedad",4526.787350070707,121
4,2636,Profesionales religiosos,"Alto potencial de automatización, alta complementariedad",4343.144552007518,94
4,3522,Técnicos de ingeniería de las telecomunicaciones,"Alto potencial de automatización, alta complementariedad",4332.064941314461,44
4,5222,Supervisores de tiendas y almacenes,"Alto potencial de automatización, alta complementariedad",4235.309170599052,70
4,7543,Clasificadores y probadores de productos (excluyendo alimentos y bebidas),"Alto potencial de automatización, alta complementariedad",4212.523793501798,45
4,3112,Técnicos en ingeniería civil,"Alto potencial de automatización, alta complementariedad",4206.48579239783,64
4,3513,Técnicos en redes y sistemas de computación,"Alto potencial de automatización, alta complementariedad",4194.608564591027,80
4,3521,Técnicos de radiodifusión y grabación audio visual,"Alto potencial de automatización, alta complementariedad",4190.503171169159,57
4,3332,Organizadores de conferencias y eventos,"Alto potencial de automatización, alta complementariedad",4170.005165155408,53
4,4227,Entrevistadores de encuestas y de investigaciones de mercados,"Alto potencial de automatización, alta complementariedad",4048.7013766572204,84
4,7127,Mecánicos montadores de aire acondicionado y refrigeración,"Alto potencial de automatización, alta complementariedad",4019.2311518335523,68
4,2351,Especialistas en métodos pedagógicos,"Alto potencial de automatización, alta complementariedad",3686.6056738618718,47
4,2250,Veterinarios,"Alto potencial de automatización, alta complementariedad",3612.457921886811,92
4,1345,Directores de servicios de educación,"Alto potencial de automatización, alta complementariedad",3552.927912173293,53
4,2353,Otros profesores de idiomas,"Alto potencial de automatización, alta complementariedad",3424.6139726509846,50
4,3435,Otros técnicos y profesionales del nivel medio en actividades culturales y artísticas,"Alto potencial de automatización, baja complementariedad",3376.114653357897,37
4,3339,Agentes de servicios comerciales no clasificados en otros grupos primarios,"Alto potencial de automatización, alta complementariedad",3344.0747700972283,70
4,3412,Trabajadores y asistentes sociales,"Alto potencial de automatización, alta complementariedad",3272.1650274955086,50
4,9629,Otras ocupaciones elementales no clasificadas en otros grupos primarios,"Alto potencial de automatización, baja complementariedad",3226.1690676636845,50
4,4212,Receptores de apuestas y afines,"Alto potencial de automatización, baja complementariedad",3200.784800391694,50
4,3342,Secretarios jurídicos,"Alto potencial de automatización, baja complementariedad",3182.8336501716453,42
4,1431,"Gerentes de centros deportivos, de esparcimiento y culturales","Alto potencial de automatización, alta complementariedad",3140.6478145899277,46
4,1411,Gerentes de hoteles,"Alto potencial de automatización, alta complementariedad",3140.6289822043896,76
4,5242,"Demostradores de tiendas, almacenes y afines","Alto potencial de automatización, baja complementariedad",3124.4885948575734,51
4,3324,Agentes de operaciones comerciales y consignatarios,"Alto potencial de automatización, alta complementariedad",3067.471731182866,59
4,2513,Desarrolladores web y multimedia,"Alto potencial de automatización, baja complementariedad",2901.032910584035,21
4,5249,Otros vendedores no clasificados en otros grupos primarios,"Alto potencial de automatización, baja complementariedad",2869.434446503483,48
4,2132,"Agrónomos, silvicultores, zootecnistas y afines","Alto potencial de automatización, alta complementariedad",2827.2866410807105,51
4,7421,Ajustadores e instaladores en electrónica,"Alto potencial de automatización, alta complementariedad",2822.433649474655,39
4,2423,Profesionales de gestión de talento humano,"Alto potencial de automatización, alta complementariedad",2821.0414777939636,38
4,3212,Técnicos de laboratorios médicos,"Alto potencial de automatización, baja complementariedad",2792.9035830138055,59
4,2163,Diseñadores de productos y de prendas,"Alto potencial de automatización, baja complementariedad",2761.970144705451,38
4,2151,Ingenieros electricistas,"Alto potencial de automatización, alta complementariedad",2685.953578188825,49
4,2521,Diseñadores y administradores de bases de datos,"Alto potencial de automatización, baja complementariedad",2636.850920761037,20
4,3359,Agentes de gobierno y profesionales del nivel medio para la aplicación de regulaciones no clasificados en otros grupos primarios,"Alto potencial de automatización, alta complementariedad",2609.3167467583476,65
4,3253,Trabajadores comunitarios de la salud,"Alto potencial de automatización, alta complementariedad",2580.6039890674256,37
4,3315,Tasadores y evaluadores,"Alto potencial de automatización, baja complementariedad",2531.4869586409623,20
4,3251,Higienistas y asistentes odontologícos,"Alto potencial de automatización, alta complementariedad",2522.5733889252188,26
4,2211,Médicos generales,"Alto potencial de automatización, alta complementariedad",2488.644842596013,45
4,2421,Analistas de gestión y organización,"Alto potencial de automatización, alta complementariedad",2438.817488936709,37
4,2320,Profesores de formación profesional,"Alto potencial de automatización, alta complementariedad",2424.426582199957,62
4,3142,Técnicos agropecuarios,"Alto potencial de automatización, alta complementariedad",2418.5113662758927,41
4,2212,Médicos especialistas,"Alto potencial de automatización, alta complementariedad",2353.2583737315977,27
4,2143,Ingenieros medioambientales,"Alto potencial de automatización, alta complementariedad",2270.5554320141687,44
4,2422,Profesionales en políticas de administración,"Alto potencial de automatización, baja complementariedad",2155.5741765789257,34
4,3111,Técnicos en ciencias físicas y químicas,"Alto potencial de automatización, alta complementariedad",2154.977983380558,25
4,1219,Directores de administración y servicios no clasificados en otros grupos primarios,"Alto potencial de automatización, alta complementariedad",2130.567711629464,39
4,2144,Ingenieros mecánicos,"Alto potencial de automatización, alta complementariedad",2107.041239082919,36
4,5113,Guías,"Alto potencial de automatización, alta complementariedad",2059.361331917274,39
4,5169,Otros trabajadores de servicios personales no clasificados en otros grupos primarios,"Alto potencial de automatización, alta complementariedad",2051.8422015262895,28
4,3411,"Técnicos y profesionales del nivel medio del derecho, de servicios legales y afines","Alto potencial de automatización, baja complementariedad",2018.2862856555118,30
4,2355,Otros profesores de artes,"Alto potencial de automatización, baja complementariedad",1965.9559953400783,32
4,5165,Instructores de conducción,"Alto potencial de automatización, alta complementariedad",1919.6118130191596,28
4,5112,Revisores y cobradores de los transportes públicos,"Alto potencial de automatización, alta complementariedad",1876.8352468765743,25
4,3432,Diseñadores y decoradores de interiores,"Alto potencial de automatización, alta complementariedad",1858.7868067567097,40
4,3119,Técnicos en ciencias físicas y en ingeniería no clasificados en otros grupos primarios,"Alto potencial de automatización, alta complementariedad",1824.2184108753875,12
4,2240,Paramédicos e instrumentadores quirúrgicos,"Alto potencial de automatización, alta complementariedad",1809.3541774283626,33
4,3211,Técnicos en aparatos de diagnóstico y tratamiento médico,"Alto potencial de automatización, alta complementariedad",1797.4551489168805,40
4,2354,Otros profesores de música,"Alto potencial de automatización, alta complementariedad",1677.3691397212144,30
4,3431,Fotógrafos,"Alto potencial de automatización, alta complementariedad",1658.3985735001581,38
4,2269,Otros profesionales de la salud no clasificados en otros grupos primarios,"Alto potencial de automatización, alta complementariedad",1608.4611302048345,25
4,3331,Declarantes o gestores de aduana,"Alto potencial de automatización, baja complementariedad",1589.297726669574,23
4,2133,Profesionales de la protección medioambiental,"Alto potencial de automatización, alta complementariedad",1584.7424833554521,27
4,4213,Prestamistas,"Alto potencial de automatización, baja complementariedad",1578.084679851382,48
4,3214,Técnicos de prótesis médicas y dentales,"Alto potencial de automatización, alta complementariedad",1567.526069210881,28
4,2631,Economistas,"Alto potencial de automatización, baja complementariedad",1555.1882994436105,20
4,2654,"Directores y productores de cine, de teatro y afines","Alto potencial de automatización, alta complementariedad",1518.012228974668,21
4,1323,Directores de empresas de construcción,"Alto potencial de automatización, alta complementariedad",1504.521346510271,12
4,2642,Periodistas,"Alto potencial de automatización, alta complementariedad",1501.423034626969,51
4,1346,"Gerentes de sucursales de bancos, de servicios financieros y de seguros","Alto potencial de automatización, alta complementariedad",1478.0151965181562,10
4,2131,"Biólogos, botánicos, zoólogos y afines","Alto potencial de automatización, alta complementariedad",1431.4864219733545,42
4,2266,Fonoaudiólogos y terapeutas del lenguaje,"Alto potencial de automatización, alta complementariedad",1419.5374821371468,34
4,2413,Analistas financieros,"Alto potencial de automatización, baja complementariedad",1394.7646221244377,18
4,1112,Directores del gobierno,"Alto potencial de automatización, alta complementariedad",1351.6019557393433,18
4,2433,Profesionales de ventas técnicas y médicas (excluyendo las TIC),"Alto potencial de automatización, alta complementariedad",1332.3553506442743,24
4,3116,Técnicos en química industrial,"Alto potencial de automatización, alta complementariedad",1309.4901528995665,6
4,2165,Cartógrafos y topógrafos,"Alto potencial de automatización, alta complementariedad",1256.6034335559466,15
4,5111,Personal de servicio a pasajeros,"Alto potencial de automatización, alta complementariedad",1237.0735966307152,13
4,3323,Agentes de compras,"Alto potencial de automatización, alta complementariedad",1229.0226096043518,29
4,2659,Artistas creativos e interpretativos no clasificados en otros grupos primarios,"Alto potencial de automatización, alta complementariedad",1200.0633809158119,20
4,1111,Directores formuladores de políticas y normas,"Alto potencial de automatización, alta complementariedad",1083.2506050017305,17
4,5419,Personal de los servicios de protección no clasificados en otros grupos primarios,"Alto potencial de automatización, alta complementariedad",1058.0225341124305,26
4,2149,Ingenieros no clasificados en otros grupos primarios,"Alto potencial de automatización, alta complementariedad",1054.1827964935069,14
4,2152,Ingenieros electrónicos,"Alto potencial de automatización, baja complementariedad",1026.1149334860306,7
4,3114,Técnicos en electrónica,"Alto potencial de automatización, alta complementariedad",1023.6512469644188,21
4,7234,Reparadores de bicicletas y afines,"Alto potencial de automatización, alta complementariedad",1017.2274153326177,14
4,1211,Directores financieros,"Alto potencial de automatización, alta complementariedad",936.7907887985606,34
4,3514,Técnicos de la Web,"Alto potencial de automatización, baja complementariedad",895.6520213840361,4
4,4223,Telefonistas,"Alto potencial de automatización, baja complementariedad",838.0906760912476,13
4,2145,Ingenieros químicos,"Alto potencial de automatización, alta complementariedad",835.78117662322,20
4,2622,"Bibliotecarios, documentalistas y afines","Alto potencial de automatización, alta complementariedad",806.4970421439514,13
4,2643,"Traductores, intérpretes y otros lingüistas","Alto potencial de automatización, alta complementariedad",801.952134589738,18
4,1341,Directores de servicios de cuidados infantiles,"Alto potencial de automatización, alta complementariedad",772.9951095610627,4
4,3139,Técnicos en control de procesos no clasificados en otros grupos primarios,"Alto potencial de automatización, baja complementariedad",767.8418094340932,7
4,3133,Controladores de instalaciones de procesamiento de productos químicos,"Alto potencial de automatización, alta complementariedad",746.2372856910615,5
4,7321,Preimpresores y afines,"Alto potencial de automatización, baja complementariedad",745.9040229616008,13
4,2656,"Locutores de radio, televisión y otros medios de comunicación","Alto potencial de automatización, alta complementariedad",728.7935215969966,24
4,1223,Directores de investigación y desarrollo,"Alto potencial de automatización, alta complementariedad",704.3356860000424,6
4,4411,Empleados de bibliotecas,"Alto potencial de automatización, baja complementariedad",702.4717187961173,10
4,7232,Mecánicos y reparadores de sistemas y motores de aeronaves,"Alto potencial de automatización, alta complementariedad",699.1013436163947,9
4,7312,Fabricantes y afinadores de instrumentos musicales,"Alto potencial de automatización, alta complementariedad",659.2912468389603,6
4,1330,Directores de servicios de tecnología de la información y las comunicaciones,"Alto potencial de automatización, alta complementariedad",652.3935210739818,10
4,3230,Técnicos y profesionales del nivel medio en medicina tradicional y alternativa,"Alto potencial de automatización, alta complementariedad",614.2280979037334,4
4,1344,Directores  de servicios de bienestar social,"Alto potencial de automatización, alta complementariedad",582.7217275614701,12
4,3255,Técnicos y asistentes terapeutas,"Alto potencial de automatización, alta complementariedad",579.7676419987322,7
4,1349,Directores y gerentes de servicios profesionales no clasificados en otros grupos primarios,"Alto potencial de automatización, alta complementariedad",567.1628487495807,7
4,2265,Dietistas y nutricionistas,"Alto potencial de automatización, alta complementariedad",543.8640952259912,21
4,2153,Ingenieros de telecomunicaciones,"Alto potencial de automatización, alta complementariedad",537.8716405088243,8
4,3254,Técnicos en optometría y ópticas,"Alto potencial de automatización, alta complementariedad",533.240201752358,4
4,7311,Mecánicos y reparadores de instrumentos de precisión,"Alto potencial de automatización, baja complementariedad",509.1868750539677,11
4,2523,Profesionales en redes de computadores,"Alto potencial de automatización, baja complementariedad",504.52602335984534,5
4,2529,Profesionales en bases de datos y en redes de computadores no clasificados en otros grupos primarios,"Alto potencial de automatización, baja complementariedad",474.16788813376866,4
4,2267,Optómetras,"Alto potencial de automatización, alta complementariedad",463.56459392059753,9
4,3256,Asistentes médicos,"Alto potencial de automatización, alta complementariedad",453.13429340236064,3
4,3351,Agentes de aduanas e inspectores de fronteras,"Alto potencial de automatización, alta complementariedad",432.60362292408905,4
4,2120,"Matemáticos, actuarios y estadísticos","Alto potencial de automatización, baja complementariedad",423.77558623572963,3
4,2262,Farmacéuticos,"Alto potencial de automatización, alta complementariedad",420.44973579555824,10
4,2621,Archivistas y curadores de arte,"Alto potencial de automatización, alta complementariedad",418.2081888043919,12
4,3151,Oficiales maquinistas en navegación,"Alto potencial de automatización, alta complementariedad",388.4199073543505,6
4,2655,Actores,"Alto potencial de automatización, alta complementariedad",382.171970839107,2
4,3131,Operadores de plantas de producción de energía,"Alto potencial de automatización, alta complementariedad",378.15913058821855,8
4,3121,Supervisores de minas,"Alto potencial de automatización, alta complementariedad",346.9901371347793,8
4,2114,Geólogos y geofísicos,"Alto potencial de automatización, alta complementariedad",343.0267306021937,1
4,4312,"Auxiliares de servicios estadísticos, financieros y de seguros","Alto potencial de automatización, baja complementariedad",340.7619661109202,10
4,2230,Profesionales de medicina tradicional y alternativa,"Alto potencial de automatización, alta complementariedad",321.2637394937316,3
4,3258,Técnicos en atención prehospitalaria,"Alto potencial de automatización, alta complementariedad",320.1264128872017,4
4,3155,Técnicos en seguridad aeronáutica,"Alto potencial de automatización, alta complementariedad",320.0006825213148,1
4,3141,Técnicos en ciencias biológicas (excluyendo la medicina),"Alto potencial de automatización, alta complementariedad",309.1321148968941,2
4,3154,Controladores de tráfico aéreo y marítimo,"Alto potencial de automatización, alta complementariedad",307.9682282260605,7
4,1322,Directores de explotaciones de minería,"Alto potencial de automatización, alta complementariedad",301.4215982663135,5
4,1222,Directores de publicidad y relaciones públicas,"Alto potencial de automatización, alta complementariedad",287.93293748174915,10
4,2113,Químicos,"Alto potencial de automatización, alta complementariedad",282.87246626064626,6
4,5163,Personal de servicios funerarios y embalsamadores,"Alto potencial de automatización, alta complementariedad",279.02355907802234,11
4,4322,Empleados de servicios de apoyo a la producción,"Alto potencial de automatización, baja complementariedad",266.9715984490364,3
4,3353,Agentes de servicios de seguridad social,"Alto potencial de automatización, baja complementariedad",264.916043792061,6
4,3117,Técnicos de minas y metalurgia,"Alto potencial de automatización, alta complementariedad",237.60785313440726,5
4,2424,Profesionales en formación y desarrollo de personal,"Alto potencial de automatización, alta complementariedad",228.23294469439497,3
4,4313,Auxiliares encargados de las nóminas,"Alto potencial de automatización, baja complementariedad",195.8486724373115,6
4,3311,"Agentes de bolsa, cambio y otros servicios financieros","Alto potencial de automatización, alta complementariedad",188.01532933415706,5
4,4419,Otro personal de apoyo administrativo no clasificados en otros grupos primarios,"Alto potencial de automatización, baja complementariedad",184.15860159228072,6
4,5161,"Astrólogos, adivinos y trabajadores afines","Alto potencial de automatización, alta complementariedad",174.95136861887866,3
4,3152,"Capitanes, oficiales de cubierta y prácticos","Alto potencial de automatización, alta complementariedad",172.79914535917925,8
4,3433,"Técnicos en galerías de arte, museos y bibliotecas","Alto potencial de automatización, baja complementariedad",168.25942655049795,3
4,2612,Jueces,"Alto potencial de automatización, alta complementariedad",147.2966511369694,3
4,3252,Técnicos en documentación sanitaria,"Alto potencial de automatización, alta complementariedad",126.79956015452996,5
4,3413,Auxiliares laicos de las religiones,"Alto potencial de automatización, alta complementariedad",121.2333055322641,3
4,2356,Instructores de tecnología de la información,"Alto potencial de automatización, alta complementariedad",90.63435885856646,2
4,2146,"Ingenieros de minas, metalúrgicos y afines","Alto potencial de automatización, alta complementariedad",87.332643244427,4
4,1312,Directores de producción de piscicultura y pesca,"Alto potencial de automatización, alta complementariedad",71.00206245045905,2
4,2352,Profesores de educación especial e inclusiva,"Alto potencial de automatización, alta complementariedad",65.52994919172254,6
4,3333,Agentes de empleo y contratistas de mano de obra,"Alto potencial de automatización, alta complementariedad",63.55506973128916,1
4,3153,Pilotos de aviación y afines,"Alto potencial de automatización, alta complementariedad",62.99471074033739,4
4,2164,"Planificadores urbanos, regionales y de tránsito","Alto potencial de automatización, alta complementariedad",55.09010282633529,3
4,1114,"Dirigentes de organizaciones con un interés específico
(partidos políticos, sindicatos y organizaciones sociales)","Alto potencial de automatización, alta complementariedad",49.431939061680815,2
4,8132,Operadores de máquinas para fabricar productos fotográficos,"Alto potencial de automatización, baja complementariedad",49.22511818877763,1
4,2432,Profesionales de relaciones públicas,"Alto potencial de automatización, alta complementariedad",44.751796027204506,2
4,2619,Profesionales en derecho no clasificados en otros grupos primarios,"Alto potencial de automatización, alta complementariedad",38.99011451407626,2
4,2434,Profesionales de ventas de tecnología de la información y las comunicaciones,"Alto potencial de automatización, alta complementariedad",36.3572796150563,2
4,3355,Inspectores de policía y detectives,"Alto potencial de automatización, alta complementariedad",32.40250280630977,3
4,2632,"Sociólogos, antropólogos y afines","Alto potencial de automatización, alta complementariedad",28.45051491464826,3
4,7549,"Otros oficiales, operarios y oficios relacionados no clasificados en otros grupos primarios","Alto potencial de automatización, baja complementariedad",25.37751324730814,1
4,2641,Autores y otros escritores,"Alto potencial de automatización, baja complementariedad",23.47395813371027,1
4,1343,Directores de servicios de atención a personas mayores,"Alto potencial de automatización, alta complementariedad",22.33813216771018,1
4,3259,Otros técnicos y profesionales del nivel medio de la salud no clasificados en otros grupos primarios,"Alto potencial de automatización, alta complementariedad",21.038706927324217,2
4,4413,"Codificadores de datos, correctores de pruebas de imprenta y afines","Alto potencial de automatización, baja complementariedad",20.245685943978597,1
4,2514,Programadores de aplicaciones,"Alto potencial de automatización, baja complementariedad",16.717690354446205,1
4,2633,"Filósofos, historiadores y especialistas en ciencias políticas","Alto potencial de automatización, alta complementariedad",13.262641138915235,1
4,4131,Operadores de máquinas de procesamiento de texto y mecanógrafos,"Alto potencial de automatización, baja complementariedad",13.24171884470458,1
4,2519,Desarrolladores y analistas de software y multimedia no clasificados en otros grupos primarios,"Alto potencial de automatización, baja complementariedad",12.841202139020723,1
4,2111,Físicos y astrónomos,"Alto potencial de automatización, alta complementariedad",9.641332853969216,1
5,2411,Contadores,"Alto potencial de automatización, baja complementariedad",181429.5155329569,2549
5,2330,Profesores de educación secundaria,"Alto potencial de automatización, alta complementariedad",178445.710074775,3379
5,2611,Abogados,"Alto potencial de automatización, alta complementariedad",177594.04079865204,2787
5,1420,Gerentes de comercios al por mayor y al por menor,"Alto potencial de automatización, alta complementariedad",137858.55776278308,2108
5,2341,Profesores de educación primaria,"Alto potencial de automatización, alta complementariedad",134194.61326544825,2582
5,3341,Supervisores de oficina,"Alto potencial de automatización, alta complementariedad",122493.3221747551,1574
5,5223,"Vendedores y auxiliares de venta en tiendas, almacenes y afines","Alto potencial de automatización, baja complementariedad",116147.93830615643,1627
5,1120,Directores y gerentes generales,"Alto potencial de automatización, alta complementariedad",91495.50578467475,925
5,4110,Oficinistas generales,"Alto potencial de automatización, baja complementariedad",89966.63336327407,1906
5,1212,Directores de recursos humanos,"Alto potencial de automatización, alta complementariedad",85203.93341830629,1116
5,2511,Analistas de sistemas,"Alto potencial de automatización, alta complementariedad",81732.66363966427,877
5,2512,Desarrolladores de software,"Alto potencial de automatización, baja complementariedad",74831.63291833548,766
5,2310,Profesores de instituciones de educación superior,"Alto potencial de automatización, alta complementariedad",73765.48243409226,1546
5,2142,Ingenieros civiles,"Alto potencial de automatización, alta complementariedad",67392.8694848105,1133
5,1221,Directores de ventas y comercialización,"Alto potencial de automatización, alta complementariedad",65834.64503646617,558
5,5414,Guardias de seguridad,"Alto potencial de automatización, alta complementariedad",58486.9302709321,752
5,2211,Médicos generales,"Alto potencial de automatización, alta complementariedad",57972.70288933277,954
5,3322,Representantes comerciales,"Alto potencial de automatización, alta complementariedad",57739.22847727124,725
5,8332,Conductores de camiones y vehículos pesados,"Alto potencial de automatización, alta complementariedad",56421.56671745376,698
5,2412,Asesores financieros y de inversiones,"Alto potencial de automatización, baja complementariedad",55033.31270370424,544
5,2634,Psicólogos,"Alto potencial de automatización, alta complementariedad",48379.44000160817,928
5,2431,Profesionales de la publicidad y la comercialización,"Alto potencial de automatización, baja complementariedad",48189.95170512216,411
5,2212,Médicos especialistas,"Alto potencial de automatización, alta complementariedad",42729.43197038947,626
5,4222,Empleados de centros de llamadas,"Alto potencial de automatización, baja complementariedad",40628.0392225138,301
5,1412,Gerentes de restaurantes,"Alto potencial de automatización, alta complementariedad",40465.52860400944,654
5,5221,Comerciantes de tiendas,"Alto potencial de automatización, alta complementariedad",38743.36942063889,611
5,2166,Diseñadores gráficos y multimedia,"Alto potencial de automatización, baja complementariedad",35565.5315896903,353
5,3123,Supervisores de la construcción,"Alto potencial de automatización, alta complementariedad",33444.65842721584,444
5,1345,Directores de servicios de educación,"Alto potencial de automatización, alta complementariedad",33330.37828230214,567
5,1342,Directores de servicios de salud,"Alto potencial de automatización, alta complementariedad",33247.57188089143,679
5,2263,Profesionales de la salud y la higiene laboral y ambiental,"Alto potencial de automatización, alta complementariedad",31563.301821418732,397
5,4311,Auxiliares de contabilidad y cálculo de costos,"Alto potencial de automatización, baja complementariedad",31471.432847123273,484
5,2141,Ingenieros industriales y de producción,"Alto potencial de automatización, alta complementariedad",31377.404521186436,295
5,3343,Secretarios administrativos y ejecutivos,"Alto potencial de automatización, baja complementariedad",29701.808562044913,481
5,1324,"Directores de empresas de abastecimiento, distribución y afines","Alto potencial de automatización, alta complementariedad",28070.245684989015,280
5,2161,Arquitectos constructores,"Alto potencial de automatización, alta complementariedad",28017.593753188503,419
5,4120,Secretarios generales,"Alto potencial de automatización, baja complementariedad",27805.405447777277,484
5,1311,Directores de producción agropecuaria y silvicultura,"Alto potencial de automatización, alta complementariedad",27444.70243462756,406
5,1211,Directores financieros,"Alto potencial de automatización, alta complementariedad",27014.78122921133,268
5,1321,Directores de industrias manufactureras,"Alto potencial de automatización, alta complementariedad",26584.323488460937,340
5,2342,Profesores de primera infancia,"Alto potencial de automatización, alta complementariedad",23984.85068881128,424
5,3122,Supervisores de industrias manufactureras,"Alto potencial de automatización, alta complementariedad",23811.217431118323,275
5,2635,Profesionales del trabajo social y consejeros,"Alto potencial de automatización, alta complementariedad",22880.76314032881,434
5,2261,Odontólogos,"Alto potencial de automatización, alta complementariedad",22722.6530702051,381
5,2422,Profesionales en políticas de administración,"Alto potencial de automatización, baja complementariedad",21826.046346206076,394
5,1219,Directores de administración y servicios no clasificados en otros grupos primarios,"Alto potencial de automatización, alta complementariedad",21627.256662459007,309
5,2221,Profesionales de enfermería,"Alto potencial de automatización, alta complementariedad",21375.87248426071,429
5,1439,Otros gerentes de servicios no clasificados en otros grupos primarios,"Alto potencial de automatización, alta complementariedad",20197.70601734811,305
5,3422,"Entrenadores, instructores y árbitros de actividades deportivas","Alto potencial de automatización, alta complementariedad",20091.274511316795,235
5,3334,Agentes inmobiliarios,"Alto potencial de automatización, alta complementariedad",19765.52550682979,233
5,3312,Analistas de préstamos y créditos,"Alto potencial de automatización, alta complementariedad",19619.52583463248,218
5,2320,Profesores de formación profesional,"Alto potencial de automatización, alta complementariedad",19257.639878865248,417
5,3359,Agentes de gobierno y profesionales del nivel medio para la aplicación de regulaciones no clasificados en otros grupos primarios,"Alto potencial de automatización, alta complementariedad",18956.472325402872,313
5,2421,Analistas de gestión y organización,"Alto potencial de automatización, alta complementariedad",18878.195524205144,228
5,2151,Ingenieros electricistas,"Alto potencial de automatización, alta complementariedad",17859.985723699127,224
5,2642,Periodistas,"Alto potencial de automatización, alta complementariedad",17291.709510151963,189
5,8331,"Conductores de buses, microbuses y tranvías","Alto potencial de automatización, alta complementariedad",17228.337327371544,202
5,2143,Ingenieros medioambientales,"Alto potencial de automatización, alta complementariedad",16695.867411005984,251
5,3257,"Inspectores de seguridad, salud ocupacional, medioambiental y afines","Alto potencial de automatización, alta complementariedad",15871.123447378302,194
5,5243,Vendedores puerta a puerta,"Alto potencial de automatización, baja complementariedad",14519.692170822218,165
5,2264,Fisioterapeutas,"Alto potencial de automatización, alta complementariedad",14349.967749433927,279
5,2131,"Biólogos, botánicos, zoólogos y afines","Alto potencial de automatización, alta complementariedad",13987.832457179617,272
5,2132,"Agrónomos, silvicultores, zootecnistas y afines","Alto potencial de automatización, alta complementariedad",13403.182846620957,217
5,2144,Ingenieros mecánicos,"Alto potencial de automatización, alta complementariedad",13316.472679270571,150
5,5244,Vendedores a través de medios tecnológicos,"Alto potencial de automatización, baja complementariedad",13175.559950659734,144
5,5141,Peluqueros,"Alto potencial de automatización, alta complementariedad",13122.714850592898,175
5,5142,Especialistas en tratamientos de belleza y afines,"Alto potencial de automatización, baja complementariedad",12833.60900372919,180
5,3321,Agentes de seguros,"Alto potencial de automatización, alta complementariedad",12698.197924545233,154
5,1346,"Gerentes de sucursales de bancos, de servicios financieros y de seguros","Alto potencial de automatización, alta complementariedad",12446.799912730734,154
5,1112,Directores del gobierno,"Alto potencial de automatización, alta complementariedad",12425.996493339828,224
5,2269,Otros profesionales de la salud no clasificados en otros grupos primarios,"Alto potencial de automatización, alta complementariedad",12025.995518804204,190
5,4415,Empleados de archivos,"Alto potencial de automatización, baja complementariedad",11396.44596282081,254
5,3313,Técnicos de contabilidad y afines,"Alto potencial de automatización, baja complementariedad",11343.616958772995,108
5,3113,Electrotécnicos,"Alto potencial de automatización, alta complementariedad",11040.911132765514,166
5,2359,Otros profesionales de la educación no clasificados en otros grupos primarios,"Alto potencial de automatización, alta complementariedad",10702.707935953302,136
5,4132,Grabadores de datos,"Alto potencial de automatización, baja complementariedad",10185.188619087317,275
5,2351,Especialistas en métodos pedagógicos,"Alto potencial de automatización, alta complementariedad",10165.4129508809,165
5,3115,Técnicos en ingeniería mecánica,"Alto potencial de automatización, alta complementariedad",9975.133578922056,126
5,2433,Profesionales de ventas técnicas y médicas (excluyendo las TIC),"Alto potencial de automatización, alta complementariedad",9806.843375683913,98
5,3512,Técnicos en asistencia y soporte al usuario de tecnología de la información y las comunicaciones,"Alto potencial de automatización, alta complementariedad",9484.555218171348,115
5,2163,Diseñadores de productos y de prendas,"Alto potencial de automatización, baja complementariedad",9356.614464136972,88
5,2423,Profesionales de gestión de talento humano,"Alto potencial de automatización, alta complementariedad",9353.132111175602,117
5,2250,Veterinarios,"Alto potencial de automatización, alta complementariedad",9087.277436301956,159
5,2652,"Compositores, músicos y cantantes","Alto potencial de automatización, alta complementariedad",9074.927269084128,112
5,3355,Inspectores de policía y detectives,"Alto potencial de automatización, alta complementariedad",8968.42246880213,179
5,5230,"Cajeros de comercio, taquilleros y expendedores de boletas","Alto potencial de automatización, baja complementariedad",8880.933546603672,123
5,2353,Otros profesores de idiomas,"Alto potencial de automatización, alta complementariedad",8824.313944930846,137
5,2513,Desarrolladores web y multimedia,"Alto potencial de automatización, baja complementariedad",8820.631634402172,97
5,9520,Vendedores ambulantes (excluyendo comidas de preparación inmediata),"Alto potencial de automatización, baja complementariedad",8544.568467684745,100
5,7111,Constructores de casas,"Alto potencial de automatización, alta complementariedad",8521.888793978833,92
5,2413,Analistas financieros,"Alto potencial de automatización, baja complementariedad",8391.0310421539,80
5,1431,"Gerentes de centros deportivos, de esparcimiento y culturales","Alto potencial de automatización, alta complementariedad",8227.730056731974,96
5,3411,"Técnicos y profesionales del nivel medio del derecho, de servicios legales y afines","Alto potencial de automatización, baja complementariedad",8180.693353986785,184
5,2636,Profesionales religiosos,"Alto potencial de automatización, alta complementariedad",7933.105224342462,123
5,2153,Ingenieros de telecomunicaciones,"Alto potencial de automatización, alta complementariedad",7931.115835162766,51
5,2521,Diseñadores y administradores de bases de datos,"Alto potencial de automatización, baja complementariedad",7882.600331309558,84
5,2145,Ingenieros químicos,"Alto potencial de automatización, alta complementariedad",7699.848742194481,87
5,2133,Profesionales de la protección medioambiental,"Alto potencial de automatización, alta complementariedad",7687.516478507185,100
5,3434,Chefs,"Alto potencial de automatización, alta complementariedad",7443.302689328261,101
5,1323,Directores de empresas de construcción,"Alto potencial de automatización, alta complementariedad",7271.130167602435,85
5,3323,Agentes de compras,"Alto potencial de automatización, alta complementariedad",7043.7851736048215,55
5,3118,Delineantes y dibujantes técnicos,"Alto potencial de automatización, baja complementariedad",6938.041815027052,62
5,1330,Directores de servicios de tecnología de la información y las comunicaciones,"Alto potencial de automatización, alta complementariedad",6683.467557072462,79
5,2165,Cartógrafos y topógrafos,"Alto potencial de automatización, alta complementariedad",6663.024001972201,87
5,4211,Cajeros de bancos y afines,"Alto potencial de automatización, baja complementariedad",6585.294213096178,109
5,2631,Economistas,"Alto potencial de automatización, baja complementariedad",6476.352398439459,85
5,2146,"Ingenieros de minas, metalúrgicos y afines","Alto potencial de automatización, alta complementariedad",6471.963508385566,81
5,2612,Jueces,"Alto potencial de automatización, alta complementariedad",6448.829116012236,141
5,2152,Ingenieros electrónicos,"Alto potencial de automatización, baja complementariedad",6386.066198127564,69
5,2265,Dietistas y nutricionistas,"Alto potencial de automatización, alta complementariedad",6383.512431377655,116
5,7512,"Panaderos, pasteleros y confiteros","Alto potencial de automatización, baja complementariedad",6374.637818542613,90
5,3142,Técnicos agropecuarios,"Alto potencial de automatización, alta complementariedad",6276.4529108260285,65
5,3521,Técnicos de radiodifusión y grabación audio visual,"Alto potencial de automatización, alta complementariedad",6271.647908154971,58
5,2149,Ingenieros no clasificados en otros grupos primarios,"Alto potencial de automatización, alta complementariedad",6249.503207561108,80
5,3339,Agentes de servicios comerciales no clasificados en otros grupos primarios,"Alto potencial de automatización, alta complementariedad",6077.8543858390285,70
5,3432,Diseñadores y decoradores de interiores,"Alto potencial de automatización, alta complementariedad",6051.811804950843,64
5,3332,Organizadores de conferencias y eventos,"Alto potencial de automatización, alta complementariedad",5659.403576620777,87
5,4323,Empleados de servicios de transporte,"Alto potencial de automatización, alta complementariedad",5571.5344126776945,86
5,2654,"Directores y productores de cine, de teatro y afines","Alto potencial de automatización, alta complementariedad",5503.167779755731,43
5,4225,Empleados de ventanillas de información,"Alto potencial de automatización, baja complementariedad",5485.907344240901,85
5,3513,Técnicos en redes y sistemas de computación,"Alto potencial de automatización, alta complementariedad",5454.8136751673765,68
5,3315,Tasadores y evaluadores,"Alto potencial de automatización, baja complementariedad",5447.704465864735,53
5,5322,Trabajadores de los cuidados personales a domicilio,"Alto potencial de automatización, alta complementariedad",5427.393049991748,56
5,3324,Agentes de operaciones comerciales y consignatarios,"Alto potencial de automatización, alta complementariedad",5343.292660989386,85
5,5222,Supervisores de tiendas y almacenes,"Alto potencial de automatización, alta complementariedad",5208.998171560678,94
5,4221,Empleados y consultores de viajes,"Alto potencial de automatización, alta complementariedad",5174.127276371635,64
5,2240,Paramédicos e instrumentadores quirúrgicos,"Alto potencial de automatización, alta complementariedad",5065.0867367862,87
5,3342,Secretarios jurídicos,"Alto potencial de automatización, baja complementariedad",4997.583634946988,118
5,4229,Otros empleados de servicios de información al cliente no clasificados en otros grupos primarios,"Alto potencial de automatización, baja complementariedad",4926.457183214979,55
5,4214,Cobradores y afines,"Alto potencial de automatización, baja complementariedad",4918.707891591719,53
5,5169,Otros trabajadores de servicios personales no clasificados en otros grupos primarios,"Alto potencial de automatización, alta complementariedad",4809.442486725429,65
5,3423,Instructores de educación física y actividades recreativas,"Alto potencial de automatización, alta complementariedad",4734.657697293249,78
5,3112,Técnicos en ingeniería civil,"Alto potencial de automatización, alta complementariedad",4701.302308561169,74
5,1223,Directores de investigación y desarrollo,"Alto potencial de automatización, alta complementariedad",4700.052602712385,48
5,7531,"Sastres, modistos, peleteros y sombrereros","Alto potencial de automatización, baja complementariedad",4686.004574936992,71
5,1349,Directores y gerentes de servicios profesionales no clasificados en otros grupos primarios,"Alto potencial de automatización, alta complementariedad",4656.066756455739,56
5,4226,Recepcionistas generales,"Alto potencial de automatización, baja complementariedad",4651.684464845938,86
5,4414,Escribientes públicos y afines,"Alto potencial de automatización, alta complementariedad",4543.137402271231,76
5,3511,Técnicos en operaciones de tecnología de la información y las comunicaciones,"Alto potencial de automatización, baja complementariedad",4300.351573008102,64
5,1411,Gerentes de hoteles,"Alto potencial de automatización, alta complementariedad",4221.092710952497,102
5,5312,Auxiliares de maestros,"Alto potencial de automatización, alta complementariedad",4054.097448941398,60
5,1111,Directores formuladores de políticas y normas,"Alto potencial de automatización, alta complementariedad",3944.336757368989,59
5,2267,Optómetras,"Alto potencial de automatización, alta complementariedad",3940.9741028292283,53
5,2113,Químicos,"Alto potencial de automatización, alta complementariedad",3915.9404750186723,47
5,4416,Empleados del servicio de personal,"Alto potencial de automatización, baja complementariedad",3872.910500630426,52
5,3435,Otros técnicos y profesionales del nivel medio en actividades culturales y artísticas,"Alto potencial de automatización, baja complementariedad",3853.035871919829,47
5,5311,Cuidadores de niños,"Alto potencial de automatización, alta complementariedad",3817.0154940949783,48
5,2120,"Matemáticos, actuarios y estadísticos","Alto potencial de automatización, baja complementariedad",3773.184641524536,23
5,2354,Otros profesores de música,"Alto potencial de automatización, alta complementariedad",3766.821781949375,47
5,2266,Fonoaudiólogos y terapeutas del lenguaje,"Alto potencial de automatización, alta complementariedad",3717.868320217588,67
5,3331,Declarantes o gestores de aduana,"Alto potencial de automatización, baja complementariedad",3586.593730320001,37
5,3344,Secretarios médicos,"Alto potencial de automatización, baja complementariedad",3233.3529789698173,48
5,5212,Vendedores ambulantes de alimentos preparados para consumo inmediato,"Alto potencial de automatización, baja complementariedad",3227.9241316391667,59
5,2355,Otros profesores de artes,"Alto potencial de automatización, baja complementariedad",3163.297404661873,36
5,3153,Pilotos de aviación y afines,"Alto potencial de automatización, alta complementariedad",3159.510284873319,24
5,1344,Directores  de servicios de bienestar social,"Alto potencial de automatización, alta complementariedad",3155.424184211197,60
5,3211,Técnicos en aparatos de diagnóstico y tratamiento médico,"Alto potencial de automatización, alta complementariedad",3154.975493574541,49
5,3311,"Agentes de bolsa, cambio y otros servicios financieros","Alto potencial de automatización, alta complementariedad",3025.117709942756,35
5,2432,Profesionales de relaciones públicas,"Alto potencial de automatización, alta complementariedad",3015.838308805337,33
5,3253,Trabajadores comunitarios de la salud,"Alto potencial de automatización, alta complementariedad",2958.396717181632,38
5,3522,Técnicos de ingeniería de las telecomunicaciones,"Alto potencial de automatización, alta complementariedad",2926.797731510712,39
5,5211,Vendedores en quioscos y puestos de mercado,"Alto potencial de automatización, baja complementariedad",2893.0361182827987,51
5,1222,Directores de publicidad y relaciones públicas,"Alto potencial de automatización, alta complementariedad",2891.1833316540865,21
5,3213,Técnicos y asistentes farmacéuticos,"Alto potencial de automatización, baja complementariedad",2850.890175282141,56
5,2114,Geólogos y geofísicos,"Alto potencial de automatización, alta complementariedad",2839.834114993825,31
5,2632,"Sociólogos, antropólogos y afines","Alto potencial de automatización, alta complementariedad",2833.7522067875734,29
5,1114,"Dirigentes de organizaciones con un interés específico
(partidos políticos, sindicatos y organizaciones sociales)","Alto potencial de automatización, alta complementariedad",2776.312470040592,53
5,3431,Fotógrafos,"Alto potencial de automatización, alta complementariedad",2680.248609211278,39
5,3111,Técnicos en ciencias físicas y químicas,"Alto potencial de automatización, alta complementariedad",2646.2886678440977,44
5,5419,Personal de los servicios de protección no clasificados en otros grupos primarios,"Alto potencial de automatización, alta complementariedad",2496.469263201979,30
5,2514,Programadores de aplicaciones,"Alto potencial de automatización, baja complementariedad",2467.8755378150736,19
5,2621,Archivistas y curadores de arte,"Alto potencial de automatización, alta complementariedad",2457.6062198191426,26
5,2352,Profesores de educación especial e inclusiva,"Alto potencial de automatización, alta complementariedad",2361.5485090705797,18
5,3412,Trabajadores y asistentes sociales,"Alto potencial de automatización, alta complementariedad",2344.007615936748,61
5,3114,Técnicos en electrónica,"Alto potencial de automatización, alta complementariedad",2327.314981623422,37
5,7127,Mecánicos montadores de aire acondicionado y refrigeración,"Alto potencial de automatización, alta complementariedad",2232.8774946921408,30
5,2529,Profesionales en bases de datos y en redes de computadores no clasificados en otros grupos primarios,"Alto potencial de automatización, baja complementariedad",2216.176763067597,19
5,7543,Clasificadores y probadores de productos (excluyendo alimentos y bebidas),"Alto potencial de automatización, alta complementariedad",2177.3774261642075,34
5,5111,Personal de servicio a pasajeros,"Alto potencial de automatización, alta complementariedad",2147.409140260786,25
5,2622,"Bibliotecarios, documentalistas y afines","Alto potencial de automatización, alta complementariedad",2119.9180007998784,30
5,2643,"Traductores, intérpretes y otros lingüistas","Alto potencial de automatización, alta complementariedad",2059.368329887144,41
5,3119,Técnicos en ciencias físicas y en ingeniería no clasificados en otros grupos primarios,"Alto potencial de automatización, alta complementariedad",2029.9345717985063,25
5,4227,Entrevistadores de encuestas y de investigaciones de mercados,"Alto potencial de automatización, alta complementariedad",1976.9216156385353,70
5,5249,Otros vendedores no clasificados en otros grupos primarios,"Alto potencial de automatización, baja complementariedad",1948.2661065562336,45
5,3121,Supervisores de minas,"Alto potencial de automatización, alta complementariedad",1862.5978059782574,40
5,2641,Autores y otros escritores,"Alto potencial de automatización, baja complementariedad",1827.5076665649553,21
5,2519,Desarrolladores y analistas de software y multimedia no clasificados en otros grupos primarios,"Alto potencial de automatización, baja complementariedad",1789.9879918066335,10
5,3351,Agentes de aduanas e inspectores de fronteras,"Alto potencial de automatización, alta complementariedad",1754.1137749897432,21
5,5165,Instructores de conducción,"Alto potencial de automatización, alta complementariedad",1701.6481515964167,12
5,3154,Controladores de tráfico aéreo y marítimo,"Alto potencial de automatización, alta complementariedad",1665.8437275563201,23
5,9629,Otras ocupaciones elementales no clasificadas en otros grupos primarios,"Alto potencial de automatización, baja complementariedad",1597.2831557376883,17
5,2522,Administradores de sistemas,"Alto potencial de automatización, baja complementariedad",1590.1977404291015,7
5,2262,Farmacéuticos,"Alto potencial de automatización, alta complementariedad",1564.606503622023,17
5,5242,"Demostradores de tiendas, almacenes y afines","Alto potencial de automatización, baja complementariedad",1542.3260759112231,16
5,3155,Técnicos en seguridad aeronáutica,"Alto potencial de automatización, alta complementariedad",1541.049968650288,4
5,4224,Recepcionistas de hoteles,"Alto potencial de automatización, alta complementariedad",1523.5966358445653,28
5,1213,Directores de políticas y planeación,"Alto potencial de automatización, alta complementariedad",1511.7384520167136,24
5,3214,Técnicos de prótesis médicas y dentales,"Alto potencial de automatización, alta complementariedad",1482.1335262072976,22
5,4213,Prestamistas,"Alto potencial de automatización, baja complementariedad",1471.2151173057327,30
5,2659,Artistas creativos e interpretativos no clasificados en otros grupos primarios,"Alto potencial de automatización, alta complementariedad",1458.7974854416022,22
5,3514,Técnicos de la Web,"Alto potencial de automatización, baja complementariedad",1351.708169579791,9
5,5113,Guías,"Alto potencial de automatización, alta complementariedad",1346.3711827078541,21
5,2619,Profesionales en derecho no clasificados en otros grupos primarios,"Alto potencial de automatización, alta complementariedad",1316.122301377727,26
5,2230,Profesionales de medicina tradicional y alternativa,"Alto potencial de automatización, alta complementariedad",1294.632232644383,8
5,3212,Técnicos de laboratorios médicos,"Alto potencial de automatización, baja complementariedad",1291.6336589048017,23
5,5112,Revisores y cobradores de los transportes públicos,"Alto potencial de automatización, alta complementariedad",1266.3620673036994,9
5,2656,"Locutores de radio, televisión y otros medios de comunicación","Alto potencial de automatización, alta complementariedad",1235.4615432809571,16
5,3352,Agentes de administración tributaria,"Alto potencial de automatización, baja complementariedad",1230.5990370656664,21
5,4313,Auxiliares encargados de las nóminas,"Alto potencial de automatización, baja complementariedad",1215.071646166563,18
5,3251,Higienistas y asistentes odontologícos,"Alto potencial de automatización, alta complementariedad",1168.414330776969,12
5,4312,"Auxiliares de servicios estadísticos, financieros y de seguros","Alto potencial de automatización, baja complementariedad",1097.2432012383695,13
5,2633,"Filósofos, historiadores y especialistas en ciencias políticas","Alto potencial de automatización, alta complementariedad",1045.9510341203527,13
5,7321,Preimpresores y afines,"Alto potencial de automatización, baja complementariedad",1001.7477659794519,8
5,1322,Directores de explotaciones de minería,"Alto potencial de automatización, alta complementariedad",976.0271824916277,19
5,3139,Técnicos en control de procesos no clasificados en otros grupos primarios,"Alto potencial de automatización, baja complementariedad",958.6547062378505,4
5,5163,Personal de servicios funerarios y embalsamadores,"Alto potencial de automatización, alta complementariedad",812.4141277279928,9
5,3117,Técnicos de minas y metalurgia,"Alto potencial de automatización, alta complementariedad",719.0891827944926,22
5,7311,Mecánicos y reparadores de instrumentos de precisión,"Alto potencial de automatización, baja complementariedad",716.0560548057597,10
5,4212,Receptores de apuestas y afines,"Alto potencial de automatización, baja complementariedad",715.1189638091926,9
5,2424,Profesionales en formación y desarrollo de personal,"Alto potencial de automatización, alta complementariedad",715.0888314147736,18
5,2164,"Planificadores urbanos, regionales y de tránsito","Alto potencial de automatización, alta complementariedad",703.8229062813812,6
5,3141,Técnicos en ciencias biológicas (excluyendo la medicina),"Alto potencial de automatización, alta complementariedad",692.7547711542741,7
5,2356,Instructores de tecnología de la información,"Alto potencial de automatización, alta complementariedad",635.242065917759,16
5,7232,Mecánicos y reparadores de sistemas y motores de aeronaves,"Alto potencial de automatización, alta complementariedad",618.6343094498467,16
5,7234,Reparadores de bicicletas y afines,"Alto potencial de automatización, alta complementariedad",607.2923915557716,7
5,2434,Profesionales de ventas de tecnología de la información y las comunicaciones,"Alto potencial de automatización, alta complementariedad",597.5481970036046,7
5,5161,"Astrólogos, adivinos y trabajadores afines","Alto potencial de automatización, alta complementariedad",584.720252308473,9
5,3116,Técnicos en química industrial,"Alto potencial de automatización, alta complementariedad",552.0575138469482,6
5,3333,Agentes de empleo y contratistas de mano de obra,"Alto potencial de automatización, alta complementariedad",519.4348833352444,7
5,1113,Jefes de comunidades étnicas,"Alto potencial de automatización, alta complementariedad",486.11154632937723,4
5,2111,Físicos y astrónomos,"Alto potencial de automatización, alta complementariedad",442.27978020282893,2
5,2162,Arquitectos paisajistas,"Alto potencial de automatización, alta complementariedad",440.6858558659287,3
5,3433,"Técnicos en galerías de arte, museos y bibliotecas","Alto potencial de automatización, baja complementariedad",430.2886250395287,6
5,4413,"Codificadores de datos, correctores de pruebas de imprenta y afines","Alto potencial de automatización, baja complementariedad",424.8242695491375,5
5,7421,Ajustadores e instaladores en electrónica,"Alto potencial de automatización, alta complementariedad",422.1623562947919,13
5,2655,Actores,"Alto potencial de automatización, alta complementariedad",399.42578162783957,3
5,4411,Empleados de bibliotecas,"Alto potencial de automatización, baja complementariedad",363.67663288965343,7
5,1343,Directores de servicios de atención a personas mayores,"Alto potencial de automatización, alta complementariedad",344.64013836619586,10
5,3151,Oficiales maquinistas en navegación,"Alto potencial de automatización, alta complementariedad",339.71048041265647,8
5,3230,Técnicos y profesionales del nivel medio en medicina tradicional y alternativa,"Alto potencial de automatización, alta complementariedad",327.0909288797248,4
5,3354,Agentes gubernamentales de expedición de licencias,"Alto potencial de automatización, baja complementariedad",325.2817141451643,3
5,4223,Telefonistas,"Alto potencial de automatización, baja complementariedad",303.8662802167726,5
5,4419,Otro personal de apoyo administrativo no clasificados en otros grupos primarios,"Alto potencial de automatización, baja complementariedad",278.6333555108052,7
5,2112,Meteorólogos,"Alto potencial de automatización, alta complementariedad",249.70242761306298,2
5,3131,Operadores de plantas de producción de energía,"Alto potencial de automatización, alta complementariedad",244.29062095442126,12
5,3255,Técnicos y asistentes terapeutas,"Alto potencial de automatización, alta complementariedad",240.51672095030332,7
5,3353,Agentes de servicios de seguridad social,"Alto potencial de automatización, baja complementariedad",208.11734941980504,10
5,1341,Directores de servicios de cuidados infantiles,"Alto potencial de automatización, alta complementariedad",194.30328514101427,8
5,2523,Profesionales en redes de computadores,"Alto potencial de automatización, baja complementariedad",191.11550559447764,5
5,3152,"Capitanes, oficiales de cubierta y prácticos","Alto potencial de automatización, alta complementariedad",187.5219029180273,9
5,3133,Controladores de instalaciones de procesamiento de productos químicos,"Alto potencial de automatización, alta complementariedad",163.76639708515046,4
5,3413,Auxiliares laicos de las religiones,"Alto potencial de automatización, alta complementariedad",85.84787150259137,2
5,3252,Técnicos en documentación sanitaria,"Alto potencial de automatización, alta complementariedad",82.32618691473881,7
5,3259,Otros técnicos y profesionales del nivel medio de la salud no clasificados en otros grupos primarios,"Alto potencial de automatización, alta complementariedad",70.07477479278297,1
5,5162,Acompañantes,"Alto potencial de automatización, alta complementariedad",18.799721349758038,1
5,1312,Directores de producción de piscicultura y pesca,"Alto potencial de automatización, alta complementariedad",9.284957810509166,1
5,3256,Asistentes médicos,"Alto potencial de automatización, alta complementariedad",4.537855188860604,1
